signal_strength,bandwidth_utilization,frequency,subcarrier_spacing,number_of_subcarriers,cyclic_prefix_type,number_of_antennas,channel_paths,bandwidth,code_rate,modulation,channel_capacity,user_count,target
-97.52759287,18.51329288,1355776279,60,173,Normal,3,2,13.53536308,0.9,64-QAM,39760655.27,37,1
-62.95714162,54.19009474,5470536589,120,722,Extended,3,8,81.72751991,0.5,QPSK,187585755.7,79,0
-76.08036349,87.29458359,5440949765,15,202,Normal,4,9,91.91846316,0.9,QPSK,831414559.3,76,0
-84.08049095,73.22248864,5273730660,30,970,Extended,6,8,77.99806717,0.9,64-QAM,767001588,61,1
-110.6388816,80.65611479,5225408189,15,685,Normal,6,3,97.68495618,0.9,QPSK,351292048.8,79,0
-110.6403288,65.87833667,3401270005,120,519,Normal,7,7,22.41656805,0.9,64-QAM,377433817.1,34,0
-116.5149833,69.22765645,1887158261,60,572,Normal,6,2,14.93919131,0.75,64-QAM,534020879.1,70,0
-68.02943125,84.91956516,3387440252,30,863,Extended,7,4,52.54967442,0.9,64-QAM,1240763.68,17,0
-83.9330993,24.96680089,3472988853,60,213,Extended,2,6,83.07472386,0.75,16-QAM,242003091.7,20,0
-77.51564533,48.94249636,3449658766,60,478,Normal,7,5,4.944069993,0.9,QPSK,209023576.8,73,0
-118.7649303,22.12094418,3693862931,15,412,Normal,7,9,99.56100044,0.5,QPSK,251232463.8,59,0
-61.80540887,98.7668008,2288285115,15,429,Normal,5,4,60.62234699,0.9,64-QAM,806099936.7,69,0
-70.05344155,94.40593397,2831205906,120,438,Extended,2,5,97.91523941,0.9,QPSK,280394182.7,87,0
-107.2596534,3.942681137,3170932960,120,337,Normal,6,4,37.14308169,0.5,64-QAM,192329800.7,33,1
-109.090502,70.55751725,1655606048,60,272,Extended,1,8,46.34435823,0.5,QPSK,504759197.3,78,1
-108.9957294,92.52483174,3276820673,120,178,Normal,3,8,75.4837828,0.9,64-QAM,865779391.3,17,1
-101.7454654,18.05753451,5052348085,60,563,Extended,3,3,79.47734461,0.9,64-QAM,242108354.1,57,1
-88.5146141,56.79452306,5140297714,30,997,Extended,5,1,24.07027228,0.75,16-QAM,79457706.55,83,1
-94.08329888,91.54882976,3057818860,60,704,Extended,1,6,93.05030754,0.5,64-QAM,357048331.1,97,0
-102.5262516,3.394597859,3594041560,120,600,Normal,4,2,86.87488906,0.5,16-QAM,747904172.7,1,0
-83.28882632,69.74202672,1168251661,120,661,Extended,7,2,2.802325007,0.75,QPSK,551139854.2,13,1
-111.6303684,29.73490074,4372162782,60,384,Normal,2,3,13.72824248,0.9,QPSK,816976576.2,27,1
-102.4713211,92.43961954,3023029415,15,322,Extended,4,8,50.11361353,0.9,16-QAM,959632555.5,70,0
-98.0182894,97.10582452,3227388415,60,692,Normal,1,3,46.6345959,0.5,QPSK,792869814.3,59,1
-92.63580095,94.42664891,5368363636,60,365,Extended,5,7,71.13069465,0.75,16-QAM,604199275.8,6,0
-72.88944232,47.42142167,3309172173,15,766,Extended,1,9,9.881426229,0.9,QPSK,493848246.5,97,1
-108.0195731,86.2042651,1105961231,30,472,Normal,5,8,64.84067536,0.5,16-QAM,41029017.26,94,0
-89.1459337,84.45493985,2137454454,15,332,Normal,4,1,62.02062318,0.9,16-QAM,984337656.8,99,1
-84.45512587,31.91004732,3378103072,120,1010,Extended,4,7,24.12834025,0.9,64-QAM,384097641.5,23,0
-117.2129752,82.89154742,3121981464,15,927,Extended,1,7,54.69700246,0.9,QPSK,153075985.7,10,1
-83.54730889,3.700763472,5301850686,120,335,Normal,1,8,22.99851349,0.5,64-QAM,667042146.5,51,1
-109.7685526,59.62698785,3710687547,120,770,Extended,7,5,15.54537968,0.75,16-QAM,285004000.8,19,0
-116.0969044,23.00088373,4448178710,60,1016,Extended,3,9,57.74035853,0.75,64-QAM,586192492.7,51,0
-63.06686776,12.05668858,3346616485,60,927,Normal,5,9,97.76995355,0.9,16-QAM,587181139.9,92,1
-62.06207802,7.695320163,3198278670,30,862,Normal,3,8,24.45640157,0.75,QPSK,446284091.1,87,1
-71.49615911,69.62887759,3231433342,120,413,Normal,2,6,36.17827879,0.9,QPSK,836282496.9,68,0
-101.7231738,33.98749638,3054607848,60,912,Extended,2,6,26.40074937,0.5,QPSK,265702094.5,84,0
-114.1396732,72.47667715,3692916929,120,479,Extended,1,1,27.37952234,0.5,16-QAM,449183959,83,0
-78.94601841,6.53563408,2252217009,30,893,Extended,4,6,41.01502128,0.5,64-QAM,538154436.5,42,1
-93.59085038,31.52903378,5455275969,120,713,Normal,2,4,70.48369555,0.9,QPSK,663961096,91,1
-112.6777059,53.94912924,2665427740,30,662,Extended,2,4,4.841647879,0.75,16-QAM,784187878.7,57,0
-90.28938539,79.07231648,1737619171,30,519,Normal,3,2,95.75529537,0.5,64-QAM,395412475.6,98,1
-117.9366887,31.87525029,1482752393,30,151,Normal,3,4,5.581708069,0.9,16-QAM,646400897.2,68,1
-65.44077588,62.58913764,1067114576,60,820,Extended,7,5,88.24406501,0.75,16-QAM,151460342.1,38,0
-104.4732011,88.59777482,3114280393,15,918,Normal,7,5,89.54343178,0.75,QPSK,932715452.4,62,1
-80.24866294,61.58631882,1938054943,15,742,Extended,2,5,52.92442957,0.75,16-QAM,383675747.6,7,0
-101.2973354,23.29594748,1108239513,60,608,Normal,1,4,14.56268603,0.9,16-QAM,729791900.6,71,0
-88.79591873,2.440078156,3600097731,120,881,Normal,3,1,56.94945109,0.9,64-QAM,21320740.8,50,1
-87.19738324,87.00988739,4399892743,60,304,Normal,2,8,63.23458383,0.9,QPSK,205981955.8,52,1
-108.9087327,2.126941085,1428755255,120,830,Extended,4,3,85.91813682,0.5,16-QAM,487595461.8,26,0
-61.82492233,87.47016727,3304603865,30,356,Normal,3,2,55.5386422,0.9,16-QAM,878374215.3,26,0
-73.4920306,52.8937134,4718143393,60,284,Extended,2,9,41.66023019,0.5,64-QAM,527727894.8,19,0
-63.63006351,93.90676985,5929034105,15,244,Normal,7,7,83.99082819,0.5,16-QAM,929940611.8,9,1
-66.31035897,79.87832358,4335951723,120,789,Normal,5,9,98.11422794,0.5,16-QAM,484313099.7,61,0
-84.12600127,99.79341105,2224197754,60,113,Normal,3,2,64.86521731,0.9,16-QAM,490958647.6,20,0
-64.6875459,35.07118155,4582768199,60,345,Extended,5,9,87.56431669,0.5,16-QAM,120627041.7,50,0
-114.6904499,76.71882889,3989647134,120,286,Extended,3,9,60.27477617,0.9,16-QAM,802853587.9,80,0
-108.2410283,40.19309136,2058996443,30,436,Extended,3,9,69.28901115,0.9,64-QAM,247718447.1,81,1
-117.2863627,47.98756203,5255554129,30,358,Extended,7,4,69.12854464,0.5,16-QAM,899712876.9,22,1
-100.4801802,62.75054632,3137022136,30,965,Extended,6,3,70.7739117,0.5,16-QAM,910913396.1,13,0
-96.67936262,87.36771142,5809888274,30,139,Normal,6,6,32.78033095,0.5,16-QAM,943366801.8,12,1
-103.7190581,98.40834692,4614505037,120,700,Normal,5,3,57.99047823,0.9,16-QAM,520710258.6,10,1
-70.27574945,76.82734139,4222815773,15,736,Extended,1,9,59.81942281,0.9,QPSK,677416691,65,1
-98.5948004,41.77667822,4641764187,60,517,Extended,2,3,32.19209104,0.5,QPSK,778737364.2,96,0
-103.1439294,42.13570023,3390485094,60,450,Extended,1,2,35.6353844,0.5,QPSK,131883604,30,1
-87.43823501,73.75823016,3526132389,30,108,Extended,1,8,76.46242974,0.75,QPSK,601356237.8,8,1
-111.5445465,23.87771458,5256036927,120,449,Normal,6,6,58.68966022,0.5,64-QAM,35263603.4,21,0
-71.86818115,11.04741131,4404642683,15,183,Extended,2,8,15.77190365,0.75,QPSK,498068517.3,22,0
-115.5269614,35.46221576,5486216626,15,632,Extended,6,7,83.92606188,0.75,64-QAM,155687838.9,18,1
-60.7867838,28.72389917,5454133768,60,892,Extended,6,3,88.42831442,0.9,QPSK,183740003,66,1
-73.66531384,29.63081205,5882450170,30,457,Extended,7,8,47.14797365,0.9,64-QAM,365682519.1,48,0
-108.0770591,23.3607751,4501073294,60,477,Normal,6,1,21.68183577,0.75,QPSK,433004729.5,44,0
-119.668673,4.209318964,3511508588,60,271,Normal,4,1,94.81304305,0.75,16-QAM,623549252.1,9,0
-71.07231429,1.787393473,1831558501,15,124,Extended,1,8,88.34468689,0.5,QPSK,75353990.02,67,0
-77.58855937,98.77223897,4526902798,120,492,Normal,7,9,25.19379289,0.75,QPSK,504188069.5,54,1
-76.25956992,42.77731337,2457888584,15,202,Normal,7,6,10.46377989,0.5,QPSK,183442505.1,26,0
-73.7237792,38.43266472,2414737840,60,801,Extended,1,5,44.62470715,0.9,16-QAM,574401199.9,85,1
-115.5573209,67.96472827,2191438882,30,335,Extended,7,2,67.96330166,0.5,64-QAM,637767207.6,94,1
-98.49205629,21.82538879,5375610287,30,509,Normal,1,9,18.36346994,0.9,64-QAM,557152547.3,92,1
-113.0478564,94.9961184,5339822233,120,924,Normal,4,6,51.80805318,0.75,16-QAM,738557215,26,0
-68.21379445,78.63450144,4154852224,120,648,Normal,3,8,43.11613393,0.75,QPSK,336273635,34,0
-82.60211239,8.941100231,3364904907,120,883,Normal,7,9,89.16456373,0.75,QPSK,765341485,8,1
-100.1461185,41.75807758,4360572300,60,904,Normal,5,9,43.52709665,0.5,QPSK,433334314.6,10,1
-116.186499,87.91183076,4036147251,60,431,Extended,5,8,53.84386298,0.9,64-QAM,484700313.8,48,1
-101.3410607,94.47320223,3078671242,120,763,Normal,4,8,95.5733334,0.9,64-QAM,648454025.1,55,1
-100.4890007,46.74015112,2898154337,30,893,Normal,1,3,30.66948482,0.9,16-QAM,19340025.62,54,1
-76.2236293,61.34113892,2913971541,30,631,Normal,5,3,29.61010226,0.9,16-QAM,654340227.2,78,0
-81.74655172,16.70339461,3945667016,30,748,Normal,4,2,80.15991291,0.9,64-QAM,618966563.9,40,0
-66.76723545,99.11686261,4238346781,60,970,Normal,6,1,28.47635963,0.5,QPSK,310537269.6,15,0
-91.66710449,23.16717014,3258708768,15,128,Normal,2,4,83.35472114,0.9,QPSK,86708490.61,81,1
-112.8243452,94.27317741,5843457251,30,642,Normal,5,2,10.45802533,0.75,QPSK,91844514.46,18,1
-77.20531277,64.9646649,1419228590,30,118,Normal,2,2,12.01486348,0.9,QPSK,923300523.2,96,0
-74.35289708,60.77367949,2735235130,30,247,Extended,1,5,90.23101404,0.75,16-QAM,689590041.9,23,0
-86.32336815,51.2688511,3095373416,120,570,Extended,5,4,54.54041597,0.5,16-QAM,127975511.2,62,1
-73.7419692,23.06698117,1084606717,60,590,Normal,4,1,72.1626124,0.5,64-QAM,357366446.1,46,0
-90.37226422,17.6528032,2824785938,120,382,Extended,3,9,23.30360029,0.75,16-QAM,592890510.9,87,0
-88.63603024,22.04862091,2368549586,120,961,Extended,5,4,17.46116247,0.9,QPSK,835736133.4,99,0
-94.3475389,18.64382621,3530181351,15,952,Extended,5,5,83.66047196,0.5,64-QAM,44617267.78,39,1
-118.4748524,77.95844736,2682052736,120,911,Extended,5,7,36.5037173,0.5,16-QAM,237396498.3,15,1
-113.5265144,35.01252592,4630910675,15,774,Extended,5,2,46.04822929,0.5,16-QAM,889859241.3,53,0
-118.1142489,5.784267656,3549662477,120,212,Extended,4,8,3.76921783,0.9,16-QAM,10156384.63,88,1
-81.81537532,96.91026301,1648811167,30,554,Normal,4,2,39.20219269,0.75,16-QAM,202197703.7,64,0
-101.1386411,88.3785885,4750306621,60,761,Normal,3,5,77.273343,0.75,16-QAM,959065151.8,63,0
-89.48575853,92.77522832,1496144480,120,429,Extended,4,2,82.30624255,0.9,QPSK,613788444.7,92,1
-65.54601156,99.49078226,5195245840,15,354,Normal,4,2,70.1767241,0.5,QPSK,262409695.3,80,1
-105.0424663,17.38952492,5657110970,60,698,Extended,1,4,69.52579362,0.9,QPSK,67924103.3,16,1
-95.37702462,39.62420189,2612226451,15,498,Normal,7,4,51.11768739,0.9,16-QAM,29163149.11,70,0
-74.66693169,75.82384757,5630713166,30,961,Normal,1,8,54.2946036,0.75,64-QAM,245500334.6,66,0
-106.2721101,69.60206181,4965040796,120,709,Normal,7,6,74.52054293,0.9,QPSK,881604333.8,13,0
-115.3812054,15.38959063,5612178055,60,1008,Extended,2,8,25.48287808,0.9,QPSK,416497740.6,47,1
-102.6149128,81.5833125,4331350685,30,607,Normal,3,7,23.92018976,0.5,16-QAM,720613035.8,9,0
-110.3267228,22.44405718,2178220197,120,743,Normal,7,4,95.04255757,0.5,64-QAM,918366750.3,63,0
-64.21814086,22.38176148,5472616185,120,565,Extended,1,2,3.741298789,0.75,QPSK,408632421.1,34,0
-71.51277723,53.69744229,1921325381,15,923,Extended,3,9,14.8070809,0.5,QPSK,192086093.7,81,0
-81.99577461,59.29399348,2065302755,15,506,Normal,3,2,57.46291019,0.9,64-QAM,517600812.9,91,1
-67.71236459,58.00862078,2355314951,30,708,Extended,5,1,74.04564903,0.9,16-QAM,908175603.4,29,1
-71.77967539,9.14868374,2521231557,15,197,Normal,6,8,54.25121722,0.9,64-QAM,804570039.7,37,1
-108.8057965,87.74608626,3572398211,30,389,Normal,6,9,36.15133562,0.75,16-QAM,66764013.52,43,0
-66.44646009,26.56000426,4567286802,30,967,Extended,6,1,97.81963582,0.5,QPSK,692880227.3,86,0
-87.63946549,12.95149213,5631040872,30,838,Extended,3,7,70.68141583,0.9,64-QAM,572325624.9,64,0
-71.55359069,88.87480799,1442187937,15,756,Normal,5,2,83.30769327,0.5,64-QAM,907555713.2,24,1
-66.234522,95.56514982,5771846811,60,255,Extended,2,6,4.984440545,0.5,QPSK,123358935.4,71,1
-100.9197915,86.21276173,5606614835,30,881,Normal,2,5,24.35609094,0.5,QPSK,534502077.1,34,1
-113.3968845,80.95160747,1269996461,60,261,Extended,6,1,38.04293827,0.5,16-QAM,879583230.8,48,1
-106.3238902,65.52419806,2801605688,120,723,Extended,2,2,19.07753841,0.75,QPSK,410613763,12,1
-94.37353268,55.08573706,5065716951,15,942,Extended,5,2,8.217027998,0.75,QPSK,482512922.8,23,0
-70.91911404,8.698675991,4057882727,15,796,Extended,6,6,23.28407479,0.75,64-QAM,71390216.99,79,1
-68.356165,40.84532131,4895469717,60,816,Extended,7,1,53.82992749,0.9,16-QAM,278865496.8,97,1
-119.5828722,37.2688517,4595166694,120,196,Normal,7,4,69.87877959,0.9,QPSK,325182142.5,13,1
-89.35516185,25.97537838,3483850566,120,476,Normal,5,5,77.62807137,0.9,64-QAM,945177326.3,87,0
-94.95533981,72.34201137,1206090230,30,666,Normal,2,2,5.250679332,0.75,QPSK,283384693.2,96,1
-106.6735314,49.58757351,3921341010,15,549,Extended,6,2,43.37063105,0.5,QPSK,461407866.5,45,1
-112.808078,8.104621591,1242833265,120,216,Normal,7,7,13.09894677,0.75,QPSK,671633119.1,99,1
-99.74308972,22.01832019,4018633588,120,704,Normal,5,7,43.68883826,0.9,QPSK,163021189,65,0
-63.42541777,68.32587637,5002054312,30,904,Extended,4,6,43.96360906,0.9,16-QAM,486955944.8,47,0
-100.6078241,7.613085949,3924958744,30,815,Extended,7,1,50.32295698,0.5,64-QAM,738800500.4,58,1
-88.8725627,85.1206914,5985109023,60,893,Extended,4,3,89.390232,0.75,64-QAM,866988357.8,5,1
-77.81886247,49.5146527,3279332501,15,605,Normal,5,9,80.70445476,0.5,QPSK,626633015.4,77,1
-98.18222386,48.05865773,4744137318,120,288,Normal,5,1,64.03536367,0.75,64-QAM,669384461.8,5,1
-61.69307504,59.24077847,4336066459,60,575,Extended,1,2,88.65532497,0.9,QPSK,127157189.1,60,0
-62.2531623,82.46809659,5957158458,15,422,Normal,7,8,68.16839303,0.5,64-QAM,945830720.7,96,1
-104.8930623,34.78092079,4566095025,60,695,Normal,1,7,82.06664112,0.5,16-QAM,133441503.4,21,0
-90.16508965,67.80161526,1820153657,15,279,Extended,3,9,56.8140518,0.75,16-QAM,774898264.2,24,1
-101.9473014,56.5731964,5777588532,15,885,Normal,7,4,52.99660691,0.75,64-QAM,265551505.5,18,0
-102.9095703,26.70282702,4338886132,120,280,Extended,6,4,72.68562703,0.75,QPSK,933659550.6,21,0
-117.7867832,87.86299864,1296691154,15,792,Normal,3,7,2.949241886,0.9,QPSK,720239579.8,54,1
-83.42613996,79.74260216,4287841529,30,894,Extended,3,1,69.34737959,0.75,QPSK,754059899.3,10,0
-89.83925861,65.84518347,5415597033,120,386,Normal,2,9,93.51730362,0.9,QPSK,219840113.9,24,1
-116.9112749,85.05817291,3885209310,30,574,Normal,4,2,71.6802659,0.75,16-QAM,443596936.7,85,0
-103.2812121,86.7294201,2770098190,60,717,Extended,2,1,4.642578705,0.75,QPSK,618195381.4,89,0
-65.50404684,70.83629767,5104548170,60,740,Extended,6,7,38.41067844,0.9,QPSK,770203644.6,60,1
-105.6262866,83.70133284,4912560041,15,361,Extended,5,6,81.14854892,0.75,QPSK,104855416.5,57,1
-111.3063077,69.74714617,3720910771,15,622,Extended,1,3,95.90224645,0.9,QPSK,962402951.1,23,0
-90.63283438,68.01407718,1771808849,30,261,Normal,6,1,37.64617221,0.9,16-QAM,890330449.9,22,0
-60.86097275,61.86113782,2254932428,30,586,Extended,5,5,84.27821153,0.75,64-QAM,271078241.9,68,1
-105.4766837,75.27166396,4692419861,30,280,Extended,6,4,86.51717765,0.75,64-QAM,822937482.8,34,1
-79.67186716,15.86051053,5030410827,60,824,Extended,5,5,13.20535353,0.5,QPSK,518805599.1,70,1
-74.30282308,88.08707592,2396326390,30,568,Extended,7,1,84.73305821,0.75,QPSK,462344675.1,28,0
-105.7417474,87.18435277,2839925386,120,885,Extended,1,1,33.10073967,0.5,64-QAM,315119671.7,95,1
-76.30701908,2.924728303,1388159426,120,120,Normal,5,5,59.73053443,0.75,16-QAM,581387618,99,1
-97.93301204,82.58167506,4567309742,60,374,Extended,3,6,54.35724982,0.9,16-QAM,730159228.6,39,0
-82.06165016,12.88698675,1017887723,30,359,Extended,6,5,66.64233251,0.9,16-QAM,411521972.1,42,1
-81.98821735,33.51188543,1232707606,30,432,Extended,1,2,74.30600044,0.5,16-QAM,629589973.8,23,1
-87.85351896,74.35082563,1021720339,15,565,Normal,5,9,44.64722866,0.75,16-QAM,699613608.2,70,1
-114.5826138,16.0759896,4226597917,120,215,Normal,3,5,88.94277139,0.5,16-QAM,711410695.2,80,1
-69.88185026,81.79670241,3086935639,60,512,Normal,3,5,81.14034373,0.75,16-QAM,52914132.03,2,0
-100.7531961,83.2134178,2487733807,30,636,Extended,7,9,78.75668817,0.75,16-QAM,859888057.9,24,1
-108.8088894,50.74677338,5563505052,15,944,Extended,4,3,46.36643735,0.9,16-QAM,458795061.5,17,1
-117.5534915,0.638587172,1964013973,60,865,Normal,3,5,4.719715699,0.5,QPSK,263153665.6,65,1
-84.54642341,28.70381332,2946840052,60,1022,Normal,2,5,49.73338423,0.9,16-QAM,242522743,70,1
-79.34613829,61.69269184,5701559005,120,822,Extended,1,2,89.94610788,0.9,QPSK,483531098.7,69,1
-119.0047303,98.1186178,3135532814,30,916,Extended,1,4,19.85456541,0.9,64-QAM,886944707.9,60,1
-89.2744165,63.1813527,3773468428,60,932,Extended,1,2,98.27665473,0.5,QPSK,378969234.1,50,0
-106.4102535,25.98035811,1401684333,15,950,Normal,5,5,80.96137138,0.75,64-QAM,749976021,93,0
-81.28963258,63.40057031,4950831934,15,356,Extended,6,2,71.27314944,0.75,QPSK,97721912.26,12,0
-109.5380143,53.99853797,3113793885,60,267,Extended,5,9,68.03883583,0.5,64-QAM,476580645.4,47,1
-78.54373571,77.98453952,5002575623,15,948,Normal,2,6,59.11556231,0.75,QPSK,991694454.3,67,1
-96.79587922,10.69806388,2268988213,60,632,Normal,6,8,72.346362,0.5,QPSK,770667365,65,1
-63.79620068,76.10279025,3112393753,15,697,Normal,7,9,42.76865007,0.5,64-QAM,211317960,27,0
-111.7487434,54.12665787,4932744682,60,114,Extended,3,8,84.68352269,0.75,16-QAM,501940032.2,48,1
-99.53601894,96.29920039,5869388835,60,149,Normal,5,5,69.93824965,0.9,16-QAM,234391138.9,88,0
-113.1915887,34.1872166,1298127622,60,403,Normal,6,5,77.35405813,0.5,16-QAM,410151366.3,62,1
-64.5183829,63.26218931,5062280887,15,586,Extended,3,6,79.45625479,0.5,16-QAM,780303939.7,44,1
-67.3596388,93.20281055,2503445338,60,515,Extended,6,1,10.11493453,0.5,16-QAM,771453590.5,19,0
-104.5235023,10.2509728,3753716404,120,404,Normal,3,8,6.508436496,0.5,QPSK,228872277.5,59,0
-80.40095724,93.72284872,2450461325,60,295,Extended,6,2,80.29760098,0.75,16-QAM,922301094.8,8,0
-70.96666799,68.78857223,4067227363,30,975,Normal,5,6,26.67901808,0.75,QPSK,592975614.6,55,0
-86.6879513,6.783705911,2769014153,30,912,Extended,5,9,58.61501094,0.5,64-QAM,380544366.7,47,0
-88.2209653,30.09635669,2668074455,120,899,Extended,2,3,44.92737467,0.9,16-QAM,502433645.2,2,0
-105.4888625,70.81720886,1189691565,60,487,Normal,7,2,3.181881163,0.75,16-QAM,605466182.2,94,1
-114.4138339,6.735060147,1734802030,30,856,Normal,7,5,4.987844558,0.9,16-QAM,560330641.3,94,0
-66.16705452,58.21704602,5585390994,60,964,Normal,4,9,82.88539899,0.9,16-QAM,486918630.5,39,1
-65.97491657,34.5883057,5991387144,30,554,Extended,1,6,61.16007859,0.5,QPSK,505427871.3,45,1
-82.01391256,62.09155178,4902602879,15,812,Normal,5,8,52.86046479,0.75,QPSK,177235498.5,32,1
-99.65821254,4.574203381,2434063124,15,804,Extended,5,8,94.49085626,0.5,QPSK,812920171.4,65,1
-99.04742552,87.15368062,3012225692,120,947,Extended,3,7,18.13838757,0.5,64-QAM,542218559.6,38,1
-76.44265927,97.34889692,4697517275,120,757,Normal,4,5,26.53911313,0.9,QPSK,131948781.8,77,0
-66.1733844,96.88778553,5842567784,60,409,Extended,7,2,75.91716875,0.9,16-QAM,766390944.5,11,0
-66.77481454,74.96518317,3277355854,120,226,Extended,5,5,77.74828757,0.9,64-QAM,932511534.4,10,0
-73.20746725,13.00862401,5147612076,60,274,Normal,6,7,41.08482245,0.5,64-QAM,947359592.3,59,1
-81.47810123,75.82631959,5875344613,15,233,Extended,7,7,95.14686503,0.5,16-QAM,369648714.7,90,0
-114.9516021,2.458691646,5367365855,15,165,Extended,4,2,93.88720319,0.5,16-QAM,136381356.7,55,1
-110.3022772,2.212355153,2135748734,30,492,Normal,1,7,2.228561791,0.5,16-QAM,518881227,20,1
-66.08674869,32.36102191,1040159319,60,464,Normal,6,6,18.06046233,0.5,16-QAM,113496620.1,81,1
-83.61425642,48.86431904,3460408527,15,378,Extended,3,7,82.20172473,0.5,QPSK,934053431.1,17,1
-119.4481769,77.04074178,3656804158,15,857,Extended,2,8,34.1864518,0.5,64-QAM,184396047.7,68,0
-113.9117074,68.32953766,2006251823,60,462,Extended,6,4,10.45080519,0.5,16-QAM,253513094.1,5,0
-80.18989385,44.59027064,2423371960,30,848,Extended,7,1,78.71491827,0.75,QPSK,407229890.4,60,0
-119.696305,27.36266663,4825765804,30,270,Normal,1,8,46.00376705,0.75,16-QAM,383781304.1,23,0
-110.3515169,99.71245002,3351736294,30,150,Extended,6,8,49.74866788,0.75,QPSK,794868229.5,46,0
-87.07597264,42.61813022,2586770418,30,427,Extended,4,3,19.45056949,0.75,16-QAM,456860503.7,52,1
-78.48628814,45.13870243,4113130137,15,970,Extended,4,3,66.42861034,0.5,16-QAM,171597491.7,10,0
-80.88232443,16.36238212,4263798780,60,764,Extended,1,5,55.57289049,0.5,16-QAM,267942685.6,46,1
-106.5438414,79.48095487,4846978884,60,691,Normal,7,3,21.46062084,0.9,QPSK,509604271.8,28,1
-77.26924672,69.36822258,1783546479,15,244,Extended,4,5,34.69281934,0.9,16-QAM,148306463.5,97,1
-105.7650548,22.07696128,4707586262,15,373,Normal,6,8,60.09104945,0.75,QPSK,612044020,43,0
-100.4760181,8.238104562,3997141961,15,254,Normal,2,1,92.56235329,0.9,QPSK,566181559.2,26,1
-75.21051569,68.04993021,1287859327,120,1010,Normal,6,2,92.11725868,0.75,64-QAM,714987614.1,55,1
-81.02202606,65.45112143,4887228141,60,607,Normal,2,2,29.50268454,0.5,QPSK,937766910.8,48,0
-69.04659537,27.3259527,2915401407,60,948,Normal,4,4,73.8264768,0.5,QPSK,912342306.5,29,1
-80.54322646,95.08635623,2651904672,60,462,Extended,6,9,77.77638897,0.9,QPSK,946129542.5,27,1
-85.9014838,15.10578918,3240375758,30,424,Normal,4,2,81.0734869,0.5,QPSK,245470881.4,18,1
-114.3795139,43.2334801,2730875387,15,947,Normal,7,9,57.50546619,0.5,QPSK,132433741.3,60,0
-97.93705182,94.36159202,2691427961,15,754,Normal,2,7,2.040291812,0.75,64-QAM,302974423.8,74,1
-104.0878579,41.97273169,5040388339,15,397,Extended,7,8,76.40595226,0.9,16-QAM,895190087.6,69,1
-105.3606214,63.85259477,1622526272,120,593,Normal,4,1,11.55314753,0.5,64-QAM,972081421.1,74,0
-61.61936671,39.7594398,5853000339,60,645,Extended,5,5,12.57026724,0.9,64-QAM,859465626.1,21,0
-96.41413652,27.42152023,3774658222,15,403,Normal,3,9,60.95685546,0.5,16-QAM,110907703.4,24,1
-66.47720669,98.3977648,1914619992,120,566,Normal,6,4,98.36853158,0.75,QPSK,947480570.1,3,0
-82.13168244,40.93340063,1656077415,15,1003,Extended,5,2,25.01140785,0.5,16-QAM,423934669.3,95,0
-72.31132179,89.40992037,3957547661,30,338,Extended,7,6,64.93527713,0.9,QPSK,10300980.47,62,0
-89.84177441,22.99546059,4164997219,60,749,Extended,4,2,31.06171093,0.9,16-QAM,442951347,2,0
-85.38576692,21.3104704,1265128855,120,865,Normal,4,3,89.97388525,0.75,64-QAM,47023100.51,66,0
-90.44893837,3.113408288,2215009571,15,616,Extended,3,8,59.75817232,0.5,QPSK,544334043.2,42,0
-108.2854207,65.16668254,4977309606,60,983,Extended,4,3,21.54025544,0.75,64-QAM,339215473.4,34,0
-76.65287308,36.85263437,1248123139,120,275,Extended,3,2,26.95097399,0.9,QPSK,473961498.7,42,1
-103.1536583,86.43582498,5275443320,60,984,Extended,6,6,43.81559231,0.75,16-QAM,613557190.4,20,0
-118.541042,47.32099067,4290812383,60,509,Extended,2,3,13.08231264,0.5,16-QAM,868932294.7,97,0
-81.27166225,96.81934279,3172116297,30,825,Normal,3,1,8.794603458,0.5,16-QAM,662239674.9,68,0
-109.3733592,18.55255157,2732164245,60,463,Extended,3,3,68.32607818,0.75,16-QAM,434614819.6,45,1
-63.57248494,86.8623168,1096244819,120,122,Normal,5,6,41.30934115,0.9,16-QAM,819608425.8,75,0
-62.76428538,77.65968528,5126074729,60,417,Extended,4,3,72.8963534,0.9,64-QAM,905676555.4,42,0
-65.10813659,77.09218446,1713609270,120,624,Extended,6,9,11.89576184,0.75,64-QAM,120640206.5,47,1
-97.79047798,84.47832281,2547709959,60,1004,Normal,2,7,61.37668924,0.5,QPSK,532401044.6,5,0
-119.072603,76.10239909,3845534902,15,852,Normal,1,5,44.88737254,0.5,64-QAM,285227447.8,89,1
-64.30088624,62.62203216,2229963000,30,375,Normal,7,2,6.741866791,0.5,QPSK,48014136.68,49,1
-94.3089511,13.12448777,3485702319,15,703,Normal,3,9,54.93539585,0.5,QPSK,668878148.4,37,0
-62.00071086,3.252617949,5046714144,30,719,Extended,1,5,9.197623197,0.9,64-QAM,862908006.7,34,1
-62.18280137,92.08478478,3352689674,120,328,Normal,4,7,82.94425503,0.5,64-QAM,163739751.8,73,0
-68.81943267,61.66503145,5744886721,30,763,Extended,7,9,63.56378907,0.75,QPSK,812601244,70,0
-102.3330665,79.6537291,5237503102,60,207,Extended,3,4,56.13978584,0.75,64-QAM,853542337.8,18,1
-96.89413628,48.15223515,2665196177,60,900,Extended,1,9,14.21343144,0.75,64-QAM,914426102.2,78,1
-68.93179971,11.7308189,2999810623,15,1015,Normal,5,1,29.45825424,0.75,64-QAM,266019804,19,0
-100.9846797,12.51857922,3116633635,30,275,Normal,1,6,49.79471382,0.5,16-QAM,904049112.1,78,0
-109.8304352,68.55652872,4130897265,120,419,Normal,7,2,63.69506785,0.9,16-QAM,321342092,40,1
-86.59192425,43.03058949,2433978646,120,385,Extended,5,8,19.13984116,0.5,QPSK,552785675.4,17,0
-63.83071355,20.05247267,5846245694,60,975,Normal,7,5,1.877761535,0.9,64-QAM,51456963.36,60,0
-78.2382122,49.15945467,4043421103,120,428,Normal,2,3,35.13125854,0.5,QPSK,44837207.28,99,0
-85.79632979,6.420893708,2997008294,60,976,Extended,4,2,48.804274,0.9,64-QAM,720652839.5,93,1
-114.1694104,58.19714019,4225049077,60,852,Normal,6,8,19.25891705,0.75,16-QAM,445035498,42,0
-83.0995664,26.89934044,2977025053,60,756,Extended,1,7,49.72438508,0.75,64-QAM,257036083,81,0
-60.59676899,79.75591006,5088978405,15,455,Normal,3,9,34.5101,0.9,64-QAM,191223082.5,72,0
-111.5949591,31.03619589,3839204803,15,113,Normal,7,8,46.05387694,0.9,64-QAM,670283537.4,65,1
-88.90022086,45.52201491,1209852517,60,374,Normal,7,4,35.39831731,0.9,16-QAM,1401142.481,53,1
-67.35761568,1.162053991,1883784337,60,170,Normal,4,2,63.21831713,0.75,16-QAM,806085278,7,1
-75.55388293,7.244688779,5324969865,60,926,Normal,1,2,5.246804088,0.75,16-QAM,80170356.52,5,0
-78.17905554,39.24935564,3814499132,120,294,Extended,3,2,17.9196237,0.5,QPSK,192298125.3,24,1
-77.85095496,47.99388347,5751717383,60,964,Normal,3,6,43.84233604,0.9,64-QAM,386850158.9,28,0
-98.43053093,60.00205481,1362111564,60,911,Normal,7,7,36.27337484,0.9,16-QAM,485373881,62,1
-102.3844893,29.16625787,2476303150,30,978,Normal,6,6,39.77156364,0.9,QPSK,355640120.7,17,0
-71.43833067,69.49818861,1967716866,30,622,Normal,7,2,80.57230879,0.75,16-QAM,321391452.8,20,1
-71.39319632,86.01223972,3769201461,30,205,Normal,6,4,88.74683417,0.9,64-QAM,963952096.1,3,0
-67.97566089,77.98509889,2913964155,30,869,Normal,7,3,25.61820957,0.9,QPSK,641938101.6,37,0
-65.20556685,3.961882535,1786367670,60,992,Normal,7,4,83.80271497,0.75,16-QAM,24409522.41,90,1
-89.31945607,48.05069473,4213759570,30,295,Extended,3,5,46.42019666,0.9,16-QAM,430745732.5,15,0
-89.90902232,10.49301784,3681491829,120,244,Extended,6,7,28.10824131,0.5,QPSK,875133691,51,1
-72.10228926,24.20450159,2373681256,120,831,Normal,3,9,98.56015103,0.75,QPSK,302154730.2,48,1
-81.00216415,98.66625933,3398856789,30,449,Extended,1,2,82.65537735,0.75,QPSK,95461788.43,8,0
-77.88198736,14.24955429,4728691575,15,523,Normal,7,8,99.43107859,0.75,QPSK,758626386.8,13,0
-72.25243983,49.88881535,2026358373,120,570,Extended,2,3,17.65088766,0.5,QPSK,606407818.1,48,1
-66.59967949,61.81557343,2464528734,120,785,Normal,6,9,15.24042472,0.75,16-QAM,570742195.3,3,1
-99.72029059,70.24649705,2730554935,30,315,Normal,5,4,50.83441734,0.75,QPSK,54522983.05,65,1
-97.46502284,55.96486835,4733632186,30,192,Extended,5,3,64.22573224,0.75,QPSK,141358510.8,73,0
-114.3610836,0.977084742,5234612998,60,359,Normal,5,6,17.93494916,0.75,64-QAM,622926846.8,31,1
-85.30319154,32.64613082,2881942482,120,674,Extended,2,9,86.18263614,0.5,16-QAM,208616017.6,26,0
-117.8434636,51.77116434,2483104309,30,640,Normal,3,7,53.66933439,0.9,64-QAM,504566009.7,81,0
-92.06411891,8.786649914,5447233792,30,886,Normal,3,4,41.68324149,0.9,16-QAM,545336804.3,56,1
-87.44132192,35.06269312,5996824661,60,958,Normal,4,3,60.60331362,0.75,16-QAM,284223683.1,34,1
-102.8075249,3.320310879,4351768198,120,384,Normal,5,4,63.86041758,0.5,16-QAM,948476730.4,9,0
-84.55000437,7.857849716,5949903075,30,583,Extended,5,3,5.235544817,0.75,QPSK,842621642.7,62,0
-118.169985,39.69232762,4299831389,60,471,Normal,3,3,99.989374,0.9,64-QAM,722651134.1,13,0
-117.7591087,13.2715754,4667301360,30,169,Extended,5,9,37.0280381,0.9,16-QAM,78915872.54,69,0
-70.64396636,56.75408483,2943280008,15,478,Extended,3,4,7.092722044,0.5,16-QAM,107023889.3,41,1
-98.38856152,68.94649691,3164837735,15,378,Normal,7,9,85.3799943,0.9,16-QAM,493288564.5,77,0
-112.3763692,80.05866991,1720678320,30,842,Normal,7,5,99.30884924,0.75,64-QAM,161552635.8,1,1
-88.6654044,20.01502442,5113750074,120,401,Extended,3,7,81.81949241,0.5,16-QAM,978287198.1,89,1
-73.80038681,16.74825823,5655295154,15,354,Extended,6,5,85.3363665,0.9,64-QAM,159361713.8,47,1
-107.0507384,10.45678403,4117190668,60,783,Normal,3,1,62.96757631,0.75,64-QAM,487980367.6,4,0
-82.62657145,63.64302495,2718236542,30,791,Extended,1,2,92.31023224,0.5,QPSK,364756935.8,63,0
-114.8791521,70.64757265,1770081627,60,363,Extended,1,5,4.538116621,0.75,16-QAM,639747035,52,1
-116.8990967,3.158614483,2325781149,15,794,Extended,1,6,76.90566243,0.9,16-QAM,129907372.5,10,1
-88.11872211,93.62122462,2277052104,120,933,Normal,1,7,67.40031261,0.75,64-QAM,430886111.6,28,1
-87.5618927,5.197128365,4067639421,60,816,Extended,2,2,5.908912082,0.5,64-QAM,275430327.8,6,1
-81.75420591,54.12963353,5725187327,15,523,Extended,4,9,54.85338432,0.75,QPSK,887863773.1,27,0
-76.43451998,70.90605195,1241359435,15,860,Extended,4,6,51.99097423,0.9,16-QAM,41545126.42,12,1
-61.44887523,87.09691237,1005111498,15,312,Extended,3,2,69.46188828,0.5,64-QAM,913813766.5,62,0
-89.0219791,71.40869321,4000909722,60,770,Normal,7,2,8.675609749,0.5,16-QAM,833161144.4,52,0
-100.6226116,80.17280831,2420302310,15,199,Normal,5,3,80.72259975,0.9,16-QAM,298273145.7,48,0
-72.28882831,33.94501925,5402741712,30,928,Extended,1,1,14.80094076,0.75,16-QAM,789501364,67,0
-103.7500649,81.48251137,2636251540,15,211,Extended,4,9,42.44779673,0.75,64-QAM,32182346.78,46,1
-93.66171476,8.011484638,2448688003,30,407,Extended,4,4,88.24751274,0.9,16-QAM,966898684.7,97,0
-115.2926171,89.48166561,2347553106,120,777,Normal,1,5,56.49262894,0.5,64-QAM,527068347.6,74,1
-118.4789554,54.75923762,1724264136,30,574,Normal,7,7,38.57950046,0.9,QPSK,303977745,95,0
-62.24109512,81.729777,3907652371,120,647,Extended,2,1,5.772021963,0.5,QPSK,363220629.4,15,1
-69.84119277,45.23182845,1841068012,120,211,Extended,2,3,67.5550782,0.5,64-QAM,67338948.11,71,1
-78.24154763,64.35776952,3123155799,30,186,Normal,4,3,98.66812977,0.75,16-QAM,989360164.5,36,1
-95.46282334,52.64026609,3304860261,120,282,Extended,2,2,91.26784348,0.9,QPSK,40252653.21,14,1
-109.6023408,73.15895218,1102460234,30,696,Extended,6,8,72.01231168,0.5,QPSK,655252216,78,1
-110.6137774,8.162998203,1084036399,60,880,Normal,1,5,11.42399297,0.75,64-QAM,443293191.8,3,0
-104.9854261,6.035208399,3601063444,120,264,Normal,7,1,24.70456925,0.9,64-QAM,948967302,67,1
-87.04640012,24.7103234,4480173661,30,914,Normal,4,2,19.49805293,0.9,64-QAM,246753740.6,86,0
-77.12424464,15.95446801,5710712411,120,189,Normal,1,1,36.19070239,0.5,64-QAM,532554737.1,19,1
-80.3881574,87.17835666,1895596421,15,554,Normal,2,6,24.31620555,0.5,64-QAM,482873852.4,99,0
-103.2039662,21.92139874,1516294047,30,337,Extended,1,9,25.19950515,0.5,64-QAM,703163577.6,76,0
-62.70808316,97.58652558,1260439535,15,633,Normal,2,7,62.0562636,0.9,64-QAM,68942221.72,54,0
-75.726185,33.68957918,3180207915,120,778,Normal,7,5,32.55156294,0.5,16-QAM,194595340.9,69,1
-86.73875685,18.21179157,4115736837,120,826,Normal,2,3,68.03912477,0.9,16-QAM,215350255.3,10,0
-83.29675523,78.96985071,5202766784,60,157,Normal,1,8,94.84107626,0.75,16-QAM,738412604.1,33,1
-94.82399625,65.87077755,4413224411,30,641,Normal,7,4,64.20931374,0.9,16-QAM,189949557.6,13,1
-105.1361406,49.81957165,2041803945,15,1013,Normal,2,9,75.41401104,0.5,QPSK,573918272.1,99,0
-98.64163928,55.53635509,3308851832,60,717,Extended,6,5,75.40646111,0.9,16-QAM,216028576.7,51,0
-74.52923337,71.92017783,5551731732,120,501,Normal,3,6,33.73957605,0.5,QPSK,861763325.1,32,1
-119.1363907,22.84547413,2633705312,120,941,Extended,1,5,2.480841465,0.75,QPSK,942243269,75,1
-113.0356416,99.63339161,3493651825,60,778,Extended,3,7,6.449748336,0.5,QPSK,518974482,24,1
-117.2398415,97.47931621,5792826673,15,961,Normal,1,7,28.92396484,0.5,64-QAM,352956575.3,35,1
-117.5562719,65.03256863,4673540028,120,765,Normal,2,1,69.26477518,0.5,QPSK,234823717.2,83,1
-68.67236496,19.95424509,4738701928,120,938,Extended,2,2,90.76163073,0.5,QPSK,50731220.52,70,1
-77.78052844,68.02282424,2261670022,30,618,Extended,7,7,95.92102796,0.5,QPSK,269231576.1,40,0
-91.54957025,7.219840898,3073490592,60,296,Extended,4,8,3.55901772,0.5,64-QAM,654581544.2,54,1
-114.1299504,3.065250221,1411710815,120,932,Normal,6,4,99.01863732,0.75,16-QAM,534083314.4,44,1
-90.50304749,25.76828885,4032629335,15,145,Extended,4,6,32.92722462,0.75,16-QAM,944097237,62,0
-91.59169375,46.26229567,1518650823,30,629,Normal,3,3,84.4526666,0.9,QPSK,396880985.2,99,0
-109.6078878,86.82725054,5179547911,60,496,Normal,2,7,18.84925061,0.5,QPSK,694169479,68,0
-93.96890105,72.71690698,5072768935,15,764,Extended,4,3,7.226927503,0.9,16-QAM,489833424.7,33,1
-96.08971594,74.27065212,3668025506,120,875,Normal,2,7,38.45718698,0.75,16-QAM,513063639.7,77,0
-83.04899412,42.54933344,1705830166,60,173,Normal,1,8,86.03361346,0.75,16-QAM,268506540.3,56,0
-81.89438095,34.59349925,1127894916,60,515,Extended,4,3,22.86166667,0.5,16-QAM,455495826.1,36,1
-117.2817594,37.1038763,4983543338,15,756,Extended,3,2,16.24177525,0.5,QPSK,471314212,54,1
-97.52324312,98.76495637,4000702416,60,713,Normal,7,6,91.07062857,0.9,QPSK,706935879.2,19,1
-82.44840506,4.010919141,4554648184,15,434,Extended,4,4,93.89538306,0.75,QPSK,940699359.2,43,1
-89.81182449,86.70314961,2519035629,120,946,Normal,2,8,2.24227172,0.9,16-QAM,329991956.2,12,0
-68.61060953,57.86754086,3547413689,30,732,Extended,5,2,73.016138,0.9,64-QAM,43158268.11,11,1
-80.4783821,43.86154192,4735870853,15,787,Extended,5,4,31.61156592,0.9,16-QAM,496798830.4,70,0
-110.2239344,72.52576604,3312816542,30,674,Extended,7,2,38.09573263,0.5,16-QAM,544916870.8,12,1
-115.7658752,48.66689414,4006921114,60,395,Extended,7,2,47.44119452,0.75,64-QAM,169272110.6,91,0
-81.45484331,87.34232381,4948641309,15,183,Normal,6,2,43.25230605,0.9,64-QAM,760704141.7,41,1
-118.4093214,90.0701864,2076103226,120,114,Extended,7,1,51.98240471,0.75,16-QAM,984944179.3,25,1
-84.85346512,42.17209269,1329644447,15,966,Normal,2,4,58.65380986,0.75,64-QAM,945828942.3,3,1
-63.58618551,27.68277972,3659117554,15,233,Normal,1,2,47.09395498,0.9,64-QAM,197908932.8,3,0
-85.47154933,59.23503286,1310628854,15,577,Extended,4,9,70.45479051,0.9,64-QAM,875487876.7,84,0
-96.70980443,91.23633456,4832786472,30,732,Extended,7,9,72.14156462,0.5,16-QAM,704789142.8,28,0
-81.40270689,21.0662189,4596057238,30,418,Extended,5,7,44.59556055,0.75,16-QAM,454392717.2,23,1
-92.50482657,62.29665836,5408563357,60,491,Extended,1,6,15.10385166,0.9,64-QAM,541070383.3,48,0
-87.26299264,63.15602201,4197810490,60,578,Extended,2,3,64.42325321,0.9,QPSK,849750574.8,67,1
-63.51211147,73.31130224,1335987854,60,739,Normal,1,7,77.52271452,0.75,64-QAM,480654804.7,42,1
-96.83384173,13.15676851,2265760627,60,467,Extended,2,1,64.1728426,0.9,64-QAM,373834161.7,88,1
-62.32856617,71.58249647,5039659223,15,466,Normal,6,9,59.21742182,0.75,16-QAM,493754245.5,40,0
-65.67896148,90.90325207,1835662087,30,387,Normal,4,4,23.71178713,0.9,QPSK,579550674.2,6,1
-108.2525319,17.96831089,4492402339,30,912,Normal,1,6,64.86856704,0.75,64-QAM,189888576.1,20,0
-115.8383219,23.75433249,4901296655,30,477,Normal,4,6,34.15076524,0.9,QPSK,901006822.5,11,1
-113.9533199,97.1395094,2650558989,30,791,Extended,1,3,92.03632742,0.9,16-QAM,674512761.9,96,1
-118.9066905,18.09769527,2611487367,60,562,Extended,2,4,65.71828918,0.5,QPSK,633635648.4,27,1
-114.3334224,85.43850934,3789013406,15,693,Normal,2,3,28.53978799,0.75,16-QAM,100396730,21,0
-79.0195936,49.22778564,5306431664,30,112,Normal,1,6,47.81976403,0.5,64-QAM,604569764.2,13,0
-115.7286811,24.72310744,2119531010,120,635,Extended,6,1,84.81154631,0.9,16-QAM,121839701.6,86,1
-100.8614622,87.07499013,5706290980,15,267,Normal,2,8,34.21093117,0.75,QPSK,79618977.52,35,0
-69.30748134,44.5305255,3995593424,120,369,Extended,3,8,53.01861645,0.75,QPSK,527783584.7,47,0
-118.6036839,51.48173539,5960632357,15,169,Normal,3,9,68.28732735,0.9,QPSK,403382748.5,86,1
-71.13189104,35.92333694,1448068620,15,417,Extended,4,6,75.69840454,0.9,64-QAM,589221459.9,28,1
-103.0887135,59.29508514,1632810683,15,475,Normal,7,1,18.21532533,0.9,QPSK,90132945.89,21,0
-112.9101103,16.35238726,5133209019,120,188,Normal,3,3,56.95007816,0.9,QPSK,431552079.8,18,1
-78.19577008,39.10815367,5323779478,30,800,Normal,3,1,91.30779015,0.75,QPSK,175611928.3,31,1
-82.26342919,96.94123223,3227293442,30,356,Extended,6,5,96.86761837,0.5,16-QAM,987112985.8,60,0
-67.35167919,25.81334327,4570355881,120,316,Extended,6,3,65.95835921,0.75,QPSK,561589062.2,37,0
-75.89573737,65.67366645,5337786437,30,549,Extended,7,2,98.38241961,0.75,16-QAM,687749424.1,21,1
-71.79114418,32.51900642,1215638941,60,993,Normal,5,3,57.50278965,0.75,QPSK,326092862.4,14,0
-103.0779256,77.34731257,3869752115,30,643,Normal,7,9,44.81789795,0.75,16-QAM,95644175.86,89,0
-109.3536274,13.08736607,5267403333,60,240,Normal,5,8,55.60715844,0.9,16-QAM,975894991.9,91,1
-74.9631149,96.98210451,2990774723,60,260,Normal,6,3,12.45552703,0.5,64-QAM,286972776.3,60,1
-71.58991564,45.37895414,2511918031,60,131,Normal,5,2,40.76987605,0.75,64-QAM,424384377,23,1
-60.56969148,23.60504633,4978533425,120,923,Normal,6,5,46.38210025,0.75,16-QAM,650214057.8,95,1
-95.24293939,7.349674733,2678932918,30,251,Extended,5,1,85.01415207,0.5,16-QAM,25672600.39,29,0
-97.67891485,16.97579051,1015871491,30,958,Extended,2,4,76.10621068,0.9,64-QAM,810448871.4,47,0
-73.41522236,51.97739486,5797862938,120,359,Extended,6,8,60.54123194,0.75,16-QAM,537041611.8,30,1
-99.55178758,33.70031764,3960616182,120,827,Normal,7,1,35.38044625,0.9,64-QAM,278938969.9,90,1
-64.15456046,82.88833659,5097589594,30,378,Extended,4,5,19.51642398,0.75,64-QAM,62546377.31,84,1
-68.49523489,43.08875237,5126507812,120,384,Normal,4,4,35.42873707,0.75,QPSK,163335917.1,38,1
-94.26035836,24.87142726,1332052102,120,709,Normal,6,6,68.30060302,0.5,QPSK,895138825,83,0
-74.94773593,61.71449866,1854300997,60,1016,Extended,3,7,27.04074211,0.5,64-QAM,686338199.7,27,0
-74.72742755,70.67772169,2555603404,120,641,Normal,4,9,43.26178288,0.9,64-QAM,250651819.9,89,1
-113.8125679,16.70419079,2603496425,60,701,Normal,7,1,39.29025325,0.75,16-QAM,66535164.18,87,1
-65.8468256,16.76192163,4293930588,15,247,Normal,3,4,76.79341632,0.9,64-QAM,690924697.1,93,0
-89.68485765,3.667142693,4115664604,60,755,Normal,4,6,88.49491916,0.5,64-QAM,572835318.2,15,0
-70.41255203,73.64020151,3472948890,60,166,Normal,1,7,70.23772472,0.5,QPSK,405115004.9,59,0
-100.7970239,66.38045276,2056318662,120,968,Extended,1,7,34.81862383,0.5,64-QAM,364247837.7,3,0
-66.26860629,47.46308757,2909917348,30,669,Extended,6,8,43.88452785,0.5,16-QAM,217597461.7,10,1
-96.64789928,84.4170449,3717969842,15,892,Normal,7,8,15.19166525,0.5,64-QAM,669941645.3,79,0
-119.3497409,80.5670153,3339926831,15,378,Normal,7,8,17.64164733,0.9,QPSK,970697359.8,80,0
-65.67708141,58.53543644,1636462665,15,847,Extended,4,8,17.26496419,0.9,QPSK,176539530.6,17,0
-114.5227994,86.82712805,4247552468,30,542,Extended,2,8,13.9280494,0.5,QPSK,597519503.4,83,1
-100.8411817,20.584121,1365258884,15,996,Extended,3,6,18.77854162,0.75,QPSK,424760870.7,11,1
-62.99628198,11.19196194,2890973415,15,964,Normal,4,9,21.06613206,0.75,64-QAM,447242033,48,0
-62.96357118,26.97496115,4550146738,30,498,Extended,6,3,12.07274844,0.75,16-QAM,254893132.8,5,0
-85.59372671,5.708685609,1100117673,15,227,Extended,3,6,64.38581147,0.75,16-QAM,825309740.8,69,1
-82.08976727,53.1169528,3849914095,120,436,Normal,5,5,99.04975192,0.75,16-QAM,485770348.5,64,1
-93.09326868,93.66056923,2672604871,120,581,Normal,6,8,88.03948772,0.5,64-QAM,543862446.3,14,0
-102.4073537,3.934354067,1044159217,60,820,Extended,4,4,5.514669659,0.9,64-QAM,305456151.9,50,1
-100.2801273,12.2109914,1951916355,60,285,Normal,2,4,42.88282211,0.5,64-QAM,182626657.2,26,0
-79.64889264,45.21990283,5704730966,60,268,Extended,5,5,86.07174734,0.75,16-QAM,86824477.81,72,1
-74.85752823,93.38750175,3605744528,120,783,Extended,6,6,14.33280698,0.75,64-QAM,714405021.8,69,0
-72.50525738,31.6156105,5986136023,120,359,Normal,4,4,84.91686952,0.9,64-QAM,197038047.4,7,0
-72.62291143,50.72348087,3624083752,120,816,Normal,1,2,59.67736315,0.5,QPSK,690385278.8,16,1
-114.5276338,4.157285905,3719682061,60,746,Extended,7,2,93.19855671,0.9,QPSK,390986069.6,55,0
-90.33478172,14.8343201,2959215065,60,657,Normal,4,3,87.72787231,0.75,16-QAM,416359026.2,78,1
-116.5464744,98.6630123,2550202094,60,606,Normal,1,2,68.02639788,0.75,QPSK,469708318.6,56,1
-87.02826706,96.51186964,2257727766,60,620,Normal,1,1,66.12444333,0.9,QPSK,368340799.6,4,1
-93.50816992,0.493998093,2717103081,60,570,Normal,6,8,22.10325604,0.75,QPSK,101519357.2,48,0
-66.73774903,95.18117854,3299255405,60,260,Normal,4,5,12.55854375,0.5,64-QAM,310322178.2,17,0
-98.94509925,63.91199378,1959959751,120,388,Normal,7,1,42.12394957,0.75,QPSK,664070626.3,36,0
-112.975979,86.79182945,2124375459,30,439,Normal,4,9,19.47142391,0.75,QPSK,666118617.1,70,1
-111.4204991,45.47398556,2357723843,30,999,Extended,1,8,11.13925505,0.5,QPSK,286938082.9,80,0
-74.3093621,51.55960286,3246299460,60,932,Normal,3,4,30.93034659,0.75,64-QAM,460642523.9,93,0
-82.9069162,48.88465803,4264066834,30,601,Extended,5,8,86.18850434,0.9,16-QAM,194253780.8,38,0
-113.9326394,66.68642575,5280730751,30,205,Normal,2,7,2.697667248,0.9,64-QAM,211161709.4,62,0
-114.9535916,13.96512548,2435659186,120,901,Extended,4,7,29.97113049,0.75,64-QAM,24024041.32,48,1
-77.94185211,2.997358987,1918641702,60,574,Normal,5,1,42.98116634,0.5,QPSK,896849803.4,10,0
-115.6342196,30.79299416,2894237324,60,952,Extended,5,6,51.54640521,0.5,16-QAM,211495958.4,36,1
-70.68839644,70.46807627,5471915382,30,699,Normal,3,4,18.97617333,0.9,QPSK,228306343.1,29,1
-77.62546637,20.18534521,1049303642,60,562,Extended,5,2,96.45779978,0.75,QPSK,280321831.2,78,1
-115.1190732,67.34324333,4389343080,60,582,Normal,4,7,58.30843131,0.5,16-QAM,128280663.6,4,1
-114.9097372,96.99120461,3385800232,60,803,Normal,6,9,52.68894416,0.5,16-QAM,639623620.3,44,0
-60.80162529,9.390071579,1805231075,60,252,Extended,6,5,1.873436304,0.9,64-QAM,76067810.22,56,0
-97.54375225,67.26021182,2605107631,30,922,Extended,5,8,49.08582256,0.9,16-QAM,135068223.9,42,0
-97.76147118,44.37502193,2124750219,15,748,Normal,4,5,83.92939232,0.5,64-QAM,645111969.9,13,1
-71.23202596,86.81422544,5389160839,30,884,Extended,4,7,22.74480976,0.9,64-QAM,340320959.9,46,0
-63.16508536,17.71497894,3409366920,120,248,Extended,1,7,35.76954927,0.5,QPSK,708239878.9,82,1
-60.83993617,69.26259522,3815471389,15,287,Normal,3,9,3.036575004,0.75,QPSK,557867319.9,33,0
-74.79730888,83.81152896,3968438097,15,752,Extended,7,3,97.71582391,0.9,QPSK,256765151.9,21,0
-97.42442487,94.46142195,4198085623,15,230,Normal,2,1,7.598527916,0.9,16-QAM,651177122.5,80,0
-114.989957,68.32480283,3477778452,30,551,Extended,7,2,89.92389127,0.75,16-QAM,117157406.6,79,1
-73.37118504,49.7174764,1089367654,120,615,Normal,1,6,31.9857837,0.5,64-QAM,536873972.7,57,0
-86.49574502,61.78472402,2673613435,30,590,Extended,2,9,59.1680838,0.5,64-QAM,437710956.9,69,1
-94.54667945,86.89049845,1919366204,120,575,Normal,7,3,68.25223846,0.9,64-QAM,268605709.2,70,1
-65.61873689,57.06097466,4400714215,30,362,Normal,4,2,14.94208758,0.5,16-QAM,604400992.7,67,1
-113.3281511,3.03870597,1283523257,30,637,Extended,6,1,44.9321784,0.5,64-QAM,871462258.7,48,0
-90.44249374,93.09486955,3819016956,30,558,Extended,1,2,33.22114392,0.75,64-QAM,998905795.1,76,0
-119.3187813,68.9526751,2053158611,15,635,Normal,7,3,6.603644095,0.75,16-QAM,608155006,33,1
-91.88036148,67.65133858,5744229192,30,877,Normal,5,7,83.48617178,0.75,QPSK,405301168.5,36,1
-116.6218035,21.56751524,2677704711,120,840,Extended,5,2,5.471607893,0.9,16-QAM,225981893.1,33,1
-112.870925,65.88854702,2626105957,120,880,Extended,2,5,65.67253799,0.75,64-QAM,257838993.3,31,1
-112.9484252,39.38644057,5616923340,120,736,Extended,4,2,32.09366027,0.75,QPSK,479975523.2,21,1
-81.04738187,65.1232977,3086739602,15,783,Extended,6,7,20.02080339,0.5,16-QAM,367910423.6,27,0
-75.23730724,10.65930303,5814311671,30,845,Extended,2,8,67.04151908,0.75,QPSK,913900708.1,91,0
-84.99787409,65.78453046,1120851761,30,394,Extended,7,8,57.87923374,0.9,QPSK,368927172.2,72,0
-62.26964709,99.94137258,2531722876,60,1014,Normal,7,8,32.21036948,0.75,64-QAM,374071146.6,62,1
-97.50776523,4.821203886,4330964801,15,534,Extended,6,9,51.78311408,0.9,16-QAM,384150977.9,96,1
-102.8572748,97.71741842,5454284823,120,374,Extended,7,1,25.37747302,0.5,64-QAM,836783590.2,26,0
-67.88405231,40.69079607,2282027965,120,687,Extended,3,1,86.50594944,0.5,16-QAM,651137532.5,66,0
-106.5842497,87.07534503,5652387960,30,407,Extended,6,2,32.06805925,0.75,16-QAM,614554681.5,12,1
-62.20664763,78.23854841,3970607332,120,825,Normal,5,6,25.27014993,0.5,16-QAM,334808879.4,22,1
-119.2707315,56.7016261,5005041216,30,475,Normal,7,1,75.43153739,0.75,QPSK,818086272.7,17,1
-61.8072704,73.84492093,2986036522,30,257,Normal,7,5,2.741656311,0.5,QPSK,39325497.49,7,0
-117.4104053,87.85155613,2060901913,60,913,Normal,1,5,27.53316148,0.9,64-QAM,870926375.2,68,1
-66.53141318,40.41403217,5556177077,15,303,Extended,1,4,38.16412684,0.5,16-QAM,513237149.9,37,1
-88.33793345,32.70331616,5665679342,30,760,Normal,1,5,88.34155822,0.75,16-QAM,398851984.6,38,1
-60.42211223,66.75933856,3487875721,30,174,Extended,6,1,95.09373845,0.75,QPSK,497670113.4,96,0
-115.5722061,80.78459419,1032475080,30,479,Extended,5,6,71.93131872,0.75,16-QAM,667748115,11,1
-86.76874294,76.22851348,1548914768,60,840,Normal,6,7,49.76064632,0.9,64-QAM,13752661.09,1,0
-61.84184786,79.78136489,3865139801,30,403,Normal,4,8,64.42153336,0.5,16-QAM,871680304.6,25,1
-88.61412935,43.55833148,1118883512,15,161,Extended,5,2,41.98610412,0.75,16-QAM,447292785.8,42,1
-82.23608171,81.78342162,2984559620,15,669,Normal,5,7,30.58375735,0.9,QPSK,343623553.2,52,0
-78.25507866,12.02090554,2516849728,120,885,Normal,6,6,95.11811875,0.9,16-QAM,139107320.1,24,1
-92.72753611,54.4489098,4571741377,15,207,Extended,6,9,12.42363267,0.9,64-QAM,440025909,53,0
-82.34651519,0.57586605,1277893365,120,286,Extended,1,8,35.29296324,0.5,64-QAM,496826448.5,56,1
-84.94114128,32.45858299,3443656345,15,328,Extended,5,4,90.00980704,0.5,64-QAM,404243047.8,63,0
-65.93051937,36.64615349,3895571349,120,147,Extended,1,9,72.59100163,0.5,64-QAM,678981433.7,81,1
-117.2732172,39.61726916,4086455380,30,930,Extended,4,1,3.881043681,0.9,QPSK,421475632.2,8,0
-103.1422086,69.54672067,3025788360,60,367,Normal,3,6,3.286867669,0.5,16-QAM,961456160.3,59,0
-62.97531096,38.85581013,2521838917,60,826,Extended,1,8,52.1347338,0.75,QPSK,599678240.3,45,1
-66.58417297,44.86936226,4412465169,60,901,Extended,6,4,48.94105257,0.9,64-QAM,807670457.7,27,0
-92.66059483,23.75441309,5237845241,30,353,Extended,7,2,44.85616233,0.5,16-QAM,110246547.2,52,1
-82.79204413,37.32517916,4468088189,60,969,Normal,2,2,30.93203242,0.9,QPSK,397894001.7,18,0
-103.357129,22.72696273,5660511827,15,186,Extended,3,1,98.67723326,0.9,16-QAM,337510853.7,91,1
-108.7127304,7.319592377,4586317627,120,280,Extended,4,5,27.92674498,0.5,64-QAM,569912905.7,86,1
-92.1780957,60.34485934,4823093670,30,124,Normal,7,6,49.51398044,0.9,64-QAM,861252406.5,16,1
-98.79886632,66.82127986,1839515983,60,487,Extended,6,4,41.08441659,0.5,16-QAM,79259879.54,66,1
-84.98063329,61.9490346,3097698223,15,321,Extended,3,4,17.85469317,0.5,16-QAM,73502223.25,5,0
-115.3359218,46.34940438,3425276655,15,496,Extended,6,5,21.05926309,0.5,64-QAM,850467390.4,82,1
-61.53631154,37.97857802,2281465811,30,610,Normal,1,5,91.91197146,0.9,QPSK,213637236,3,1
-60.82735533,86.33336496,3642699302,30,660,Normal,7,9,85.96969256,0.9,64-QAM,669084501.2,91,1
-78.11029716,51.90817851,2453959721,60,945,Extended,6,8,20.70538628,0.5,16-QAM,543335254.2,81,1
-87.83421802,47.91818776,4437510464,120,539,Extended,7,9,87.69059977,0.9,QPSK,833060701.3,80,1
-101.428343,2.564206581,3351442384,60,274,Extended,4,3,21.70942688,0.5,64-QAM,125963820.9,70,0
-71.17229882,34.12478276,3294034771,60,1003,Normal,2,3,63.02808585,0.75,16-QAM,130653182.8,7,1
-78.91612965,38.01956188,5918212655,30,410,Normal,1,1,9.046771809,0.9,16-QAM,557261541.9,50,0
-110.2429836,39.88227809,2962224243,60,373,Normal,1,6,88.156593,0.9,16-QAM,946432274.7,14,0
-65.34436893,58.01723692,2811477163,60,134,Normal,7,4,6.098529647,0.75,QPSK,415582760.6,38,1
-70.64776542,53.36025467,2593021856,120,316,Normal,4,8,55.93934604,0.75,QPSK,327615158.2,79,1
-63.0120052,60.79050928,5473746105,15,820,Normal,4,2,78.19144099,0.75,QPSK,607082633.9,47,0
-76.4568295,76.48832615,3483619130,15,771,Extended,3,2,12.5666389,0.5,QPSK,930518151.9,33,0
-83.19508824,81.29857387,4000072387,120,507,Normal,2,7,41.04354648,0.5,16-QAM,837090905,43,0
-94.90541782,71.81230762,1904092395,15,618,Extended,6,5,5.153064998,0.75,16-QAM,995488127.1,91,1
-64.036291,95.5523696,3704711800,60,368,Normal,3,1,68.59250516,0.5,QPSK,23546014.62,29,0
-68.03616663,1.823258268,2373240964,120,737,Extended,6,7,31.4375099,0.9,QPSK,113745286.6,57,0
-117.2868798,19.57779857,4653184606,120,574,Normal,6,7,56.38012922,0.75,16-QAM,609858295.6,5,1
-118.4179815,0.756287498,5162641744,30,979,Extended,6,6,93.34049477,0.9,64-QAM,820755862.9,93,0
-97.41219799,64.74747142,4574053461,15,424,Extended,3,4,31.27995269,0.5,64-QAM,285959098,96,1
-71.36680015,89.80305489,4651220831,30,455,Extended,1,8,5.814119692,0.75,16-QAM,239971876.9,60,0
-60.76343224,24.34822966,3562373521,60,189,Normal,4,2,67.887149,0.5,QPSK,787188823.6,70,1
-110.9749865,92.70345448,4560590282,120,141,Normal,1,2,78.89727232,0.9,QPSK,57325472,2,0
-84.35215708,6.026739029,3113434678,60,464,Normal,2,2,95.82898743,0.5,16-QAM,370013264.9,70,1
-97.1465486,93.44360268,4257445768,15,770,Extended,3,3,16.62228683,0.9,64-QAM,506303413.4,43,1
-61.80513613,35.16226872,2295196051,30,301,Extended,2,6,39.82185259,0.5,16-QAM,560788325.7,4,0
-69.47286461,10.14208284,1348785062,15,465,Extended,4,1,84.56990554,0.9,16-QAM,728886541.6,56,1
-69.70027772,48.58717592,3067366321,60,893,Normal,4,2,80.88026793,0.5,16-QAM,355490877.7,93,0
-91.87841041,25.67765677,3308890779,30,943,Normal,5,2,62.85477503,0.75,QPSK,613071660.3,59,1
-95.11082986,28.4872902,2282035791,15,387,Extended,2,1,27.66748598,0.75,QPSK,585790047.4,89,1
-103.5955757,30.72899649,4638547592,60,702,Normal,1,3,29.11949377,0.5,QPSK,548068484.6,9,1
-116.6174702,80.30258978,1367752395,15,580,Normal,7,7,13.27629647,0.9,64-QAM,640842809.8,3,1
-68.11665742,53.91612767,2113741622,120,736,Normal,2,1,92.2635137,0.5,16-QAM,260189721.9,90,1
-71.22593945,31.13076992,4742823592,30,600,Normal,3,7,18.12021995,0.75,16-QAM,85564104.83,48,1
-60.0169396,61.03337833,3185621369,30,737,Extended,4,5,57.71577352,0.9,64-QAM,120152400.4,43,1
-60.20178978,71.61506742,4526418120,30,151,Normal,4,9,58.85079028,0.5,QPSK,225357800.3,91,0
-86.67409766,27.26240007,3837429389,120,1015,Normal,2,2,37.59093868,0.5,16-QAM,500697737.6,96,0
-73.86075509,41.35491015,5753563750,30,202,Extended,2,1,35.89932764,0.9,64-QAM,840602307.8,1,1
-63.31405621,12.18860933,3988979164,120,460,Extended,6,9,67.19025344,0.5,QPSK,701592048.7,57,1
-69.02115656,18.11493495,1074344872,30,523,Normal,2,8,39.44148002,0.75,QPSK,789251563.6,53,1
-105.1591139,68.1117854,2764386753,15,798,Normal,6,6,26.25642394,0.75,16-QAM,351624648.3,16,0
-92.96735188,18.14383477,1715303411,15,304,Normal,3,5,40.51403854,0.9,QPSK,405249087.9,51,1
-112.2504351,52.51633837,5623168388,15,113,Normal,3,8,80.95854569,0.5,64-QAM,394288204.1,75,0
-62.75693836,70.90462617,1520062271,15,715,Extended,1,8,96.68136706,0.5,QPSK,192681311.2,90,1
-83.62952193,10.68769231,2938533316,120,728,Extended,2,5,63.95907281,0.75,16-QAM,62155441.49,55,1
-106.2814317,56.73122196,2130495968,60,569,Extended,1,7,78.42802132,0.9,64-QAM,591325176.7,1,1
-79.69795894,25.65627837,5233609952,60,565,Normal,7,1,53.74966127,0.9,QPSK,989227466.7,90,1
-82.91230557,96.29268752,2542832488,15,403,Normal,5,4,62.85749107,0.9,QPSK,167662875.2,28,1
-98.51023692,48.35456467,5959467416,60,704,Extended,3,2,98.82057902,0.75,QPSK,47638135.08,53,0
-113.1865445,80.59925498,1193083028,60,526,Normal,4,3,44.40346761,0.75,64-QAM,779752150.1,58,1
-79.70560826,55.02265422,1641383862,30,755,Extended,6,1,7.559214998,0.9,QPSK,253333420.7,73,0
-88.78153795,4.341253285,2123193882,120,209,Extended,5,2,95.74368486,0.9,16-QAM,829814161.5,60,0
-73.6608965,63.31513756,5055530201,15,774,Extended,4,1,79.51311037,0.5,64-QAM,704232730.4,59,1
-88.79018993,95.14033422,5392586045,60,664,Extended,5,8,40.43272642,0.5,64-QAM,945727863.5,22,1
-68.86910998,60.16118201,1357256903,60,614,Extended,1,4,98.25711031,0.9,QPSK,409518308.5,8,1
-86.88558967,81.91888594,1162300709,15,167,Extended,1,3,35.20803928,0.75,64-QAM,662307869.6,49,0
-86.34372171,88.42064633,4722784286,30,345,Extended,6,1,37.8398994,0.75,16-QAM,465389926,42,0
-67.40078384,22.80797719,1666760034,15,488,Normal,3,2,61.36340397,0.5,64-QAM,630958108.6,27,0
-95.79102803,21.20448399,1664992935,30,749,Extended,7,3,28.16039123,0.9,16-QAM,450149307.1,39,1
-111.9590863,61.09809889,1111832672,60,407,Extended,6,3,70.15857703,0.75,QPSK,189443614.2,83,0
-118.2730394,41.10284698,1249039388,120,451,Normal,7,6,16.13218009,0.75,64-QAM,508389518.6,25,0
-74.69176466,83.98613029,2318377293,30,898,Extended,4,8,11.69450662,0.75,16-QAM,529055617.2,38,0
-82.78142692,90.00231234,1325027447,30,165,Normal,5,6,53.95292275,0.75,QPSK,810793244.4,85,1
-77.75521391,35.34213793,2844395458,15,559,Extended,6,2,55.99387456,0.5,16-QAM,735785185.1,24,0
-107.2221503,23.6870559,5163875156,60,446,Normal,7,2,11.55885189,0.75,64-QAM,664127832.3,24,0
-111.8177115,78.05255152,2631601287,120,424,Normal,2,7,96.45344985,0.75,64-QAM,114273708.5,60,1
-119.1273201,27.48060355,4639170813,15,766,Normal,2,1,57.7553791,0.9,16-QAM,720895674.4,83,1
-98.96474647,82.26143185,1469549824,15,698,Extended,3,1,15.95246426,0.9,QPSK,500804851.2,50,1
-84.60493879,42.37382536,4296875937,120,132,Normal,7,7,31.83280991,0.5,QPSK,894205436.6,66,0
-96.46535729,66.75498993,2583735916,60,167,Extended,6,9,80.22318718,0.5,QPSK,919951063.2,14,0
-93.75150468,9.553531383,4748764393,120,286,Extended,4,5,52.79992126,0.5,QPSK,56101434.01,53,0
-65.75047833,62.38593247,1681260070,15,291,Extended,2,1,19.62668651,0.5,16-QAM,820820918.8,32,1
-99.10467198,45.17676787,5489416889,15,312,Extended,3,5,11.18204823,0.75,64-QAM,38659693.03,96,0
-89.16063065,58.66084632,2212886014,30,699,Extended,6,1,43.64666681,0.9,16-QAM,367802456.1,92,1
-72.98081924,16.80142077,2765688966,120,527,Extended,3,9,34.40405616,0.75,64-QAM,542757675.6,48,1
-96.20743306,73.68737449,5750903554,120,450,Extended,4,4,65.9358179,0.75,64-QAM,148952697.8,39,0
-82.67479799,86.27970775,3892411799,120,207,Normal,2,9,92.59945171,0.75,16-QAM,746567498.8,40,0
-68.25817748,21.67398001,2828857595,15,339,Extended,2,2,25.52529829,0.9,16-QAM,9346349.468,42,0
-63.02876258,9.571455552,5748010735,60,315,Extended,2,7,85.6681594,0.5,QPSK,169430449.4,77,1
-111.1755911,2.363858605,2645387084,15,276,Normal,7,2,92.12573587,0.5,64-QAM,581216033,76,1
-64.40474249,64.19715004,1474353563,30,664,Extended,1,4,90.29825735,0.9,QPSK,714673174.5,8,0
-90.47302242,60.70940361,5984244439,15,429,Normal,7,6,95.25565566,0.9,QPSK,916726459.6,79,1
-104.5053367,54.66974127,2339224603,15,660,Normal,2,2,84.36875359,0.5,16-QAM,705791155.3,26,0
-92.45185463,23.19470961,5256289243,15,980,Extended,5,2,59.75511453,0.75,QPSK,672107491,12,0
-61.19804548,39.09059959,1827703974,30,725,Extended,1,2,41.57476377,0.5,QPSK,394946805.2,43,0
-90.44291436,59.44763352,4656769859,120,549,Normal,6,3,49.67709082,0.9,QPSK,2283141.101,51,1
-100.2749034,49.67668589,3622246972,60,706,Extended,7,5,87.38860531,0.5,16-QAM,121039099.5,91,1
-81.99594874,98.77855202,5904532791,60,546,Normal,1,9,30.83843936,0.5,QPSK,535019990.2,82,0
-105.5912629,13.64397526,3764151780,30,636,Normal,1,6,16.76690774,0.5,QPSK,675454756,63,0
-115.4482003,69.5144554,1125075759,120,743,Extended,7,9,14.9411026,0.9,16-QAM,418030835.6,49,1
-112.2672167,40.43187681,4019389948,120,278,Normal,7,5,82.87246638,0.9,16-QAM,730948332.5,27,0
-112.3172497,42.81996149,1726582282,30,494,Extended,1,6,76.38708295,0.5,16-QAM,522340433,9,1
-110.8858384,71.75977657,4992704576,15,244,Extended,3,8,50.26688876,0.5,64-QAM,75102019.4,39,0
-111.6703696,69.24361513,5282840982,120,975,Normal,5,3,28.21227138,0.75,16-QAM,192824234.7,65,1
-81.54751531,99.12559937,3410467594,60,297,Normal,4,2,68.08370438,0.75,64-QAM,840158225,71,0
-109.0871949,12.83942895,4916107285,30,936,Extended,2,3,4.804876646,0.5,16-QAM,725187833.9,90,1
-99.259963,10.41096494,1725553677,60,183,Extended,7,9,57.25455375,0.9,16-QAM,894867225,71,0
-66.19269541,72.43388171,3460390933,15,768,Extended,1,6,40.44409171,0.75,16-QAM,118439691.9,7,1
-91.56230158,57.8386917,2969721323,30,184,Normal,4,4,97.80810375,0.5,64-QAM,990232312.1,72,1
-79.94653569,27.41606666,4056586935,60,556,Extended,7,3,51.24846466,0.75,QPSK,210197307.2,80,1
-109.6608077,7.941936899,1222385944,60,575,Normal,3,2,55.67450749,0.75,16-QAM,12768096.41,67,1
-108.4626589,8.56582496,4760614191,15,352,Normal,4,4,71.52390368,0.75,64-QAM,997425516.1,10,0
-117.547883,89.41908747,1395646447,30,986,Normal,1,9,48.96930963,0.9,16-QAM,281792811.6,71,1
-109.8638962,19.18673247,4282357588,120,171,Extended,6,4,23.23229331,0.5,QPSK,668351433.1,85,1
-103.2845797,32.33715621,1092286128,120,322,Normal,5,5,54.19050681,0.9,64-QAM,177505631.9,53,0
-109.3793709,22.66564022,5159440319,60,375,Extended,4,8,94.48261822,0.9,16-QAM,580648303.7,95,1
-114.677848,35.49963058,1873498151,15,894,Normal,7,2,41.58118783,0.75,16-QAM,904130951.5,87,0
-112.7618477,6.942384275,3577487380,60,875,Extended,1,3,68.28445454,0.5,16-QAM,320860986.3,57,1
-92.35327392,51.90597909,2307464519,15,345,Extended,7,6,97.8253847,0.75,QPSK,670583722.1,91,1
-107.6199769,6.761256359,4613236010,120,440,Normal,1,7,83.16230899,0.9,64-QAM,188715685.2,86,1
-98.14380834,80.03565078,2606755501,60,672,Extended,2,4,66.24437918,0.9,16-QAM,625170603.3,27,1
-89.79496375,23.37120819,4623045968,60,1023,Normal,6,1,73.86365234,0.5,16-QAM,337113901.5,54,1
-78.57631028,54.00119146,2424356034,15,570,Normal,2,7,93.71184155,0.9,64-QAM,211997050.3,4,1
-117.6412716,88.00790876,4762365455,30,553,Normal,6,9,96.01545834,0.9,QPSK,313868868.7,88,0
-72.03537607,65.0877369,1153027482,15,870,Normal,5,1,96.9278449,0.5,QPSK,179662227.4,23,0
-82.32597663,53.29577866,2416556677,30,106,Normal,2,1,62.93852119,0.75,QPSK,902014191.7,48,1
-115.0944581,32.43337531,3493167532,120,287,Normal,5,1,39.08645334,0.5,QPSK,397789699.4,83,1
-67.58528255,33.30019131,1225297910,60,103,Normal,7,7,14.18215977,0.9,QPSK,246034025.7,42,0
-64.74765597,66.94869552,1930170307,60,842,Extended,3,9,39.16925213,0.5,16-QAM,448959433.2,3,0
-116.3353224,99.41393612,5672684908,15,744,Normal,3,3,94.35259002,0.75,16-QAM,321215630.6,91,1
-103.3873411,66.18391898,5884171326,15,1006,Normal,6,8,89.08991098,0.9,16-QAM,744674834.6,3,1
-71.62792321,55.77834174,4698749737,120,224,Extended,6,9,52.84230654,0.75,64-QAM,971248692,28,1
-75.10441858,73.06505102,2261000253,120,114,Extended,2,3,54.16372137,0.75,QPSK,438595623,63,1
-108.9287388,46.52056123,2302587227,30,624,Normal,3,3,31.58311461,0.5,64-QAM,861172366.6,81,1
-107.4390406,6.01423426,4228951789,120,729,Normal,4,1,45.99628112,0.75,QPSK,566297210.5,31,1
-97.77167383,56.22968159,1587998083,120,339,Normal,4,2,71.7304009,0.5,QPSK,158078429.4,10,0
-90.92862089,95.76252845,5741546902,120,874,Extended,7,7,40.84064184,0.5,64-QAM,690932119.3,49,1
-82.90471371,17.53029424,2124064498,120,459,Normal,4,3,19.61040334,0.75,16-QAM,513921062.6,86,1
-97.86518163,69.00048908,5998178127,30,617,Extended,7,7,54.5450983,0.5,64-QAM,650955916.7,94,0
-92.24791703,20.09336887,3478668977,120,419,Normal,3,5,23.30835423,0.5,16-QAM,889797725.2,21,0
-75.15174371,53.58276845,4857149945,30,330,Normal,4,8,97.45446805,0.75,QPSK,440994136.1,53,0
-117.7990078,9.667644965,1010920473,15,129,Extended,5,5,39.64365149,0.9,16-QAM,901276445.6,87,0
-104.8537833,45.03709363,5443732024,60,633,Normal,1,3,91.05683219,0.5,QPSK,750918345.3,76,1
-77.19902485,75.61633289,2350010224,15,1020,Normal,6,9,23.32984566,0.5,QPSK,489116321,89,0
-66.28758974,34.75715242,4339683723,120,255,Normal,2,7,19.73169153,0.75,16-QAM,603618913.5,54,0
-89.29935347,66.49117245,5031776404,60,729,Extended,7,5,62.07321177,0.5,QPSK,326255551.4,57,1
-88.07319088,79.54499608,1820738703,120,951,Normal,5,7,78.15852875,0.75,16-QAM,983613702.4,20,0
-113.5696793,92.71778195,3212547407,120,1000,Normal,4,9,57.10969182,0.9,64-QAM,667683811.9,49,0
-93.15525799,23.46420819,3469179703,15,804,Extended,1,5,23.74977268,0.9,QPSK,44803005.64,7,1
-88.04296401,39.93159158,2560597327,120,498,Extended,2,7,4.751541926,0.75,QPSK,327295283.8,29,1
-105.4517698,15.24160133,3408779149,15,445,Normal,5,9,62.2105933,0.9,64-QAM,623691119.3,48,1
-103.8454061,99.24835022,2587728288,120,294,Normal,2,1,13.97268531,0.75,QPSK,57276944.52,93,1
-97.36295021,92.70009679,2803738725,30,267,Extended,7,4,34.97446232,0.5,64-QAM,24860307.13,13,1
-118.7957281,53.99571303,4346655894,60,476,Normal,7,1,67.90269061,0.9,64-QAM,450574215.3,3,1
-100.6752501,84.20332944,4162966342,15,588,Normal,6,8,10.70432062,0.5,QPSK,333357489.5,2,1
-107.3131196,52.09579773,2161328629,15,850,Extended,3,3,13.5978965,0.5,64-QAM,438860309.4,16,0
-100.3501589,62.3585688,5487414424,60,461,Normal,7,2,7.104954523,0.75,64-QAM,263430616.6,94,0
-112.8142721,8.912443212,5313942728,15,581,Normal,4,4,99.61183376,0.9,64-QAM,165553029.2,6,1
-66.56836316,75.52704205,3545416533,60,343,Extended,5,3,39.32060009,0.9,QPSK,689454213.6,45,0
-84.38445279,12.77134836,3166253713,30,680,Normal,5,5,90.67372161,0.5,64-QAM,515056545.2,71,1
-79.25386085,82.60676303,2884279915,120,706,Normal,1,8,30.0649782,0.5,16-QAM,200954057,5,0
-72.64972568,78.20280877,4536339593,30,688,Normal,1,8,75.56705395,0.75,16-QAM,320269836.8,56,1
-90.09346806,70.87446977,4358330286,120,270,Extended,1,7,22.68759501,0.9,64-QAM,592216099.8,71,0
-114.7847827,3.616038052,1980903035,60,612,Normal,2,8,50.33414626,0.75,16-QAM,73157118.92,98,1
-87.77360749,30.31283559,4357290157,30,505,Extended,4,5,82.63695819,0.75,QPSK,148305556.3,32,0
-84.78953292,26.31125699,2262155971,120,673,Extended,2,6,81.81710549,0.75,64-QAM,74172358.5,49,1
-75.27363155,36.01364075,1092791683,60,306,Normal,4,8,79.63379102,0.9,QPSK,812505015.4,13,0
-94.10042723,8.764274676,4496043388,120,253,Extended,5,1,82.54970689,0.75,16-QAM,752656824,30,0
-112.3451818,93.6957823,4223968012,15,885,Normal,7,6,21.93575585,0.9,16-QAM,753559618.9,25,1
-102.9734457,55.38022407,3054046312,15,147,Normal,7,6,48.73941098,0.75,16-QAM,716609018.1,85,0
-98.21506222,30.55243107,3628430280,60,748,Normal,2,5,49.00227599,0.5,16-QAM,669716038.2,60,0
-81.24496552,39.69815171,5735845959,120,100,Extended,2,4,89.15974625,0.75,QPSK,477514923.5,59,0
-85.75330172,44.72025405,3976000905,15,846,Normal,2,1,30.39229111,0.75,64-QAM,642635885.3,85,0
-98.63419645,60.05943334,4289419677,30,1004,Normal,3,8,93.21809345,0.9,QPSK,39323193.23,28,0
-60.80908507,51.56794277,1319556605,120,867,Normal,6,6,45.62877789,0.5,64-QAM,621842958.2,58,1
-83.65351084,91.93919732,1829972303,120,506,Extended,4,3,67.30891331,0.5,16-QAM,778099827.8,20,1
-105.7663925,49.69634829,2504761382,15,206,Extended,7,3,27.61942812,0.9,16-QAM,500858002,34,0
-113.8930516,99.21580148,3696896590,15,272,Normal,4,6,41.61951258,0.9,16-QAM,358155815.1,5,1
-110.8284516,85.14249577,4882954480,60,605,Normal,2,7,71.27029227,0.5,16-QAM,278149308.1,82,0
-105.2425363,20.85105144,2606204389,120,229,Normal,3,8,51.76196704,0.9,QPSK,643159248.1,60,1
-110.3591176,93.05952146,2781912152,30,497,Normal,2,5,93.14009316,0.5,64-QAM,693108397.4,43,0
-108.8059786,11.63663979,2280754426,15,393,Extended,4,6,73.97537162,0.75,64-QAM,871096632.3,57,0
-102.8942899,81.74497085,2273046646,120,651,Extended,6,1,56.87588963,0.75,16-QAM,342991748.4,57,0
-109.5975843,38.06232935,5744319229,15,546,Extended,7,6,88.78030591,0.5,QPSK,770002535.1,75,0
-66.19407452,87.79743204,4177285898,60,949,Extended,6,9,66.89008249,0.5,16-QAM,561794468.4,54,1
-115.1859753,86.80566901,1779506218,120,115,Extended,5,4,65.08472687,0.75,64-QAM,882953654.2,81,1
-88.52931663,80.59254001,4611242890,120,738,Extended,3,1,25.39076198,0.75,64-QAM,528284296.2,45,1
-95.37619038,79.00304363,4610105717,60,984,Extended,6,9,40.09083959,0.5,QPSK,518112198.6,86,0
-61.05728299,30.46791391,4332350980,30,448,Normal,3,4,68.64706161,0.9,64-QAM,578299204.4,37,1
-113.2776659,8.091928305,1673602225,15,302,Normal,2,2,89.28737944,0.9,QPSK,749566039.8,84,1
-96.12866406,40.29801788,3039957417,60,233,Normal,5,1,32.23919989,0.5,16-QAM,964725788.3,48,0
-61.831774,17.3524515,1533781652,120,870,Normal,4,3,22.33307657,0.9,16-QAM,74489790.86,54,0
-68.06957245,69.49510889,5083102520,60,625,Normal,6,7,59.7759019,0.75,QPSK,54381167.79,48,0
-70.97567574,34.60997265,4275860716,120,607,Normal,6,2,7.652512712,0.75,16-QAM,937612787.1,6,1
-104.5258304,97.56102009,3536019684,60,165,Extended,1,9,71.73962844,0.9,QPSK,530345749.9,34,1
-109.7467448,64.09720773,2715077383,30,579,Normal,7,2,70.61071579,0.5,16-QAM,615288111.6,63,0
-79.8814068,82.24805636,1921247372,120,962,Extended,4,5,36.14163707,0.75,16-QAM,482941178,78,1
-64.23744065,13.25246727,1532237944,60,558,Normal,6,8,89.37508768,0.75,64-QAM,94563795.15,48,0
-86.59422642,86.20144823,5846203038,30,441,Extended,6,8,50.71593301,0.75,64-QAM,768321289,23,1
-85.70323863,92.27571905,1998243210,30,806,Extended,4,3,64.93073012,0.9,QPSK,747477420.4,84,0
-103.2012544,48.70619188,1299373134,15,725,Normal,5,2,21.74826971,0.5,16-QAM,312391618.2,13,1
-73.83042401,60.62529378,5808333861,120,258,Normal,3,9,42.31669318,0.9,16-QAM,306933006,47,1
-108.7773751,76.48098009,3744758707,15,260,Normal,4,3,86.37933649,0.5,16-QAM,838003539.5,44,1
-100.5792458,17.48386273,4983283675,30,353,Normal,3,8,22.08101522,0.5,64-QAM,73284900.48,32,0
-94.47381368,50.25660765,1218829236,15,996,Normal,5,2,39.66686338,0.9,QPSK,881224043.2,26,0
-89.54337728,39.86630278,3834729287,15,626,Extended,5,3,32.4895779,0.75,QPSK,257405028.2,53,0
-105.4554161,14.63739922,2991049821,60,648,Normal,2,1,15.9599083,0.5,QPSK,593391763,14,1
-113.1097905,36.75344223,4859822172,15,254,Extended,1,6,29.68207389,0.9,16-QAM,936058184.8,52,0
-83.36279745,6.817230939,1192128228,30,585,Extended,5,7,24.04445607,0.75,QPSK,678444379,36,1
-102.6821668,2.581190695,3008452843,15,531,Extended,5,4,92.43576942,0.5,64-QAM,415015382.7,8,0
-85.12570671,13.51662892,4995367097,120,126,Normal,3,1,74.36680165,0.5,64-QAM,689844674.7,40,0
-110.7382371,96.31151116,3613486323,60,111,Normal,5,3,32.2940566,0.75,QPSK,344635656.7,86,1
-91.13159389,54.95295359,3750193705,30,166,Normal,4,9,76.57056627,0.5,16-QAM,277981157.9,22,1
-88.04463405,96.58221612,1485823410,15,641,Normal,2,5,3.19185535,0.9,64-QAM,996686594.7,16,0
-116.8905878,43.24978783,1661652781,120,195,Normal,2,6,53.12594637,0.5,64-QAM,751039440.9,91,0
-99.80374331,31.18161331,4384998027,30,314,Normal,4,4,25.78312181,0.5,16-QAM,645075257.4,60,1
-111.9351194,50.61418628,4375233111,15,293,Extended,6,1,12.31788511,0.75,16-QAM,355934353.6,60,1
-116.1975018,43.95116886,5895516971,60,746,Normal,5,5,88.49209431,0.9,QPSK,50111668.33,10,0
-60.60238606,10.56646843,4559764940,15,389,Extended,7,5,20.73471289,0.75,64-QAM,32025819.16,25,1
-100.6587693,64.08263147,3466217480,30,643,Extended,1,5,82.4167182,0.9,64-QAM,554627074.2,31,0
-71.40753325,21.60381825,5286639118,30,984,Normal,5,6,41.90904507,0.75,QPSK,762270688.3,21,0
-104.7215607,61.95879549,1522364929,30,138,Normal,2,2,2.414786234,0.5,QPSK,537841811.3,91,0
-79.10983667,65.02010924,3246479104,120,963,Normal,1,1,73.5207501,0.9,64-QAM,840944286.9,81,1
-74.38632841,15.20248531,2435545555,15,305,Normal,7,2,60.03961606,0.9,64-QAM,34393106.56,33,0
-84.26167556,6.134962711,1523189035,15,998,Normal,6,6,35.07301643,0.5,16-QAM,367385324.3,31,0
-91.70542869,78.07615861,4817510424,15,654,Normal,3,5,28.87304746,0.75,16-QAM,237833320.8,90,1
-95.28954515,45.98004238,3553960152,60,583,Extended,3,5,8.295433985,0.9,64-QAM,447825695.2,21,1
-99.06790401,5.816379551,3783843599,120,436,Extended,7,6,94.20113389,0.5,64-QAM,73304016.8,36,1
-64.22825135,99.48663172,3056275940,120,595,Extended,5,7,49.90450358,0.5,16-QAM,954177509.9,65,0
-70.16283553,5.7780561,3301686158,60,870,Extended,5,9,9.46692724,0.9,QPSK,224032145.7,4,1
-62.09838536,69.50352289,1580086936,120,348,Extended,1,7,86.99929206,0.9,QPSK,922385467.7,68,1
-112.5421666,98.36789253,4364589121,60,173,Extended,1,2,28.60448411,0.9,64-QAM,426467261.9,90,0
-76.14795149,23.91801042,3162236798,30,472,Normal,6,6,21.15666886,0.5,64-QAM,985538609.1,4,0
-63.69957259,14.22493687,5083837866,30,930,Normal,5,9,28.8128064,0.75,16-QAM,554504325.1,9,0
-109.126016,12.13849394,1981436001,120,978,Normal,2,7,56.8925744,0.75,64-QAM,930902031.3,30,0
-116.010224,30.32751476,2025275467,30,907,Extended,3,2,8.331591965,0.9,QPSK,6343639.706,45,1
-75.53276104,10.1045811,4228797858,30,885,Extended,6,3,48.693934,0.5,16-QAM,748490567.4,4,0
-85.53161321,69.21613417,5230017117,30,934,Extended,1,8,89.67860107,0.5,16-QAM,903147602.4,69,1
-69.49027339,6.229179813,3360989193,15,970,Normal,2,9,19.62898799,0.9,QPSK,140580846.4,23,0
-111.6136574,50.94221281,4634769344,30,801,Normal,5,4,33.78768844,0.5,QPSK,97029725.88,16,0
-72.28396129,99.66968539,5996649607,15,237,Normal,4,9,40.21607454,0.5,16-QAM,425148034.6,22,1
-107.9023608,81.39702695,5951328199,60,556,Extended,1,2,59.03585044,0.5,64-QAM,933745227.2,72,1
-110.1806434,61.52194382,4721684214,60,913,Extended,6,5,92.00617041,0.9,QPSK,542844173.6,48,1
-110.1440521,30.62536208,4697932448,60,922,Extended,4,2,40.05938162,0.9,16-QAM,527929007.3,62,0
-71.12551679,62.38958363,2238094436,60,942,Normal,2,1,7.846131227,0.9,64-QAM,141984992.2,97,0
-80.08816676,52.70414639,5167698158,60,543,Extended,7,5,35.44713528,0.75,64-QAM,1788721.582,60,1
-88.61607451,42.60833839,3025510635,30,452,Normal,3,2,19.81845585,0.75,16-QAM,810329950.7,80,1
-98.47017095,13.07103767,5809969549,30,893,Normal,7,7,65.5256734,0.9,QPSK,88486988.42,5,0
-67.36796755,88.66042152,1407138444,30,510,Normal,7,8,3.896948808,0.5,64-QAM,634215968.9,80,1
-96.45329355,44.97846488,3179201844,60,777,Normal,7,2,29.90106714,0.5,QPSK,914701838.1,7,1
-71.00403363,19.46225118,3779202438,60,889,Normal,2,7,54.97217722,0.9,16-QAM,209443261.2,51,0
-93.65190549,36.77593509,3025781035,15,637,Normal,3,4,28.4560864,0.5,QPSK,665607563.4,65,1
-97.38333423,41.41297525,2052895953,120,552,Normal,2,1,55.54853305,0.5,64-QAM,79619878.13,9,0
-92.23921286,82.75378956,3964942444,30,518,Extended,7,3,12.3565199,0.75,16-QAM,604151388.7,82,0
-101.9173276,73.36143806,4779589573,120,549,Normal,1,1,94.33774331,0.5,64-QAM,164767789.2,45,0
-75.14343719,76.93048936,4224192980,60,684,Extended,7,5,29.79977393,0.5,64-QAM,736217607,47,1
-89.83677659,1.103126443,2172244244,60,214,Normal,1,8,92.3770831,0.9,16-QAM,301930063.5,67,1
-106.0672383,41.61539982,4658039722,60,150,Normal,6,1,33.25770851,0.75,16-QAM,463927617.8,24,1
-66.0255256,48.13441516,2284489030,120,468,Normal,7,9,78.40217893,0.75,QPSK,599831111.5,92,1
-96.96652672,1.919227682,1876011815,15,1013,Extended,4,3,25.37254839,0.5,16-QAM,172102137.3,10,0
-87.38682833,25.98132087,4453340077,60,782,Normal,2,5,67.30712134,0.9,QPSK,741896180.8,73,0
-65.61167334,76.02898231,5213936231,15,879,Normal,7,9,33.04790517,0.75,16-QAM,303337700.3,77,1
-82.54572025,13.71097057,3407697238,15,614,Extended,2,5,51.40675379,0.75,64-QAM,662709488.1,48,1
-112.9861176,53.53101315,3656958966,30,309,Extended,7,9,67.70760043,0.5,QPSK,159124767.6,35,1
-63.61007258,21.5201872,2513737852,120,987,Extended,4,8,59.29936802,0.75,16-QAM,688429541.5,54,1
-82.33751682,1.212077464,3473090076,60,1002,Extended,7,7,58.05177874,0.9,QPSK,129059884.7,87,0
-99.90566312,24.12014576,1659914990,15,1001,Normal,5,1,7.50240273,0.9,QPSK,425931139.8,81,1
-111.6436756,97.58737549,5779154148,120,949,Normal,6,4,25.65860638,0.75,QPSK,247958867.7,71,0
-72.35848864,80.15371119,5001803268,120,912,Extended,2,9,57.6120897,0.9,64-QAM,748626874.2,16,1
-82.79563464,95.95766443,4339865304,60,994,Normal,6,8,2.813403514,0.9,16-QAM,262772969.5,53,1
-87.99233448,48.78540439,3690971858,30,953,Extended,2,4,25.81378126,0.5,16-QAM,881835589.1,40,1
-66.36644502,10.97361987,4960845681,30,726,Extended,2,1,23.6893387,0.75,QPSK,891928391.2,20,0
-72.68416733,54.7959489,3473786198,15,778,Extended,5,4,25.73575491,0.75,16-QAM,197244873.9,88,1
-110.8995072,45.43773346,2499869541,30,534,Normal,7,3,54.02534046,0.5,64-QAM,614232099.1,69,0
-101.2966759,84.43570827,1801871176,30,876,Extended,1,6,58.61407505,0.5,QPSK,88629924.08,45,0
-105.0906516,9.808258078,4237927944,30,326,Normal,6,5,90.99080144,0.5,64-QAM,392145562.5,6,1
-75.36322245,48.8241137,5647128725,120,762,Normal,4,5,39.21707385,0.5,64-QAM,713608407.8,92,0
-117.9880539,15.00486647,1768092768,60,367,Normal,6,2,92.7313128,0.9,16-QAM,659763823.6,69,0
-85.80661891,32.46759269,1900090225,120,215,Extended,7,3,65.54348015,0.9,16-QAM,625075968.7,49,0
-74.25247886,73.73570774,3168030167,120,699,Normal,5,6,91.35337919,0.5,QPSK,283258322.8,39,1
-67.39406179,47.60181294,5034496740,60,929,Extended,3,2,83.51373807,0.75,64-QAM,378646924.5,2,0
-99.47509508,37.58882851,2469613645,120,853,Normal,3,4,69.0706619,0.75,16-QAM,103843198.6,39,0
-70.72456172,39.44762786,2269564623,15,459,Normal,5,2,36.25448405,0.75,QPSK,719303797.6,21,1
-113.3620958,45.94467684,4099831457,15,428,Normal,7,9,24.86993432,0.5,QPSK,504384908,40,1
-69.2128625,78.50165438,3678073909,120,944,Extended,5,3,23.01675212,0.9,16-QAM,709056866.7,82,0
-112.3506803,89.20846889,1301101822,30,139,Extended,1,6,95.26520991,0.9,64-QAM,249694581.3,54,0
-96.16276257,95.53346865,1407449887,120,281,Extended,6,1,95.89881047,0.9,QPSK,325113790.4,12,0
-72.16227805,78.69033863,4215064901,30,589,Extended,7,3,72.75830598,0.9,16-QAM,334881121.9,81,0
-111.0049544,31.54068957,3325617996,120,308,Normal,6,8,88.49580242,0.75,QPSK,26716667.34,37,1
-106.2449163,68.81347061,5854885958,15,1002,Normal,3,5,91.98062014,0.75,16-QAM,341706825,38,1
-76.6648459,43.76031241,4392657054,30,372,Extended,7,8,51.64406346,0.9,QPSK,803501268.9,15,0
-76.79780781,25.4670622,1050368310,15,218,Extended,4,2,63.27690937,0.5,64-QAM,897401197.3,7,1
-81.53114203,84.08715794,3405093899,120,481,Extended,6,7,42.45669529,0.9,QPSK,518700097.3,78,0
-78.36309333,3.842634896,3072239675,60,635,Extended,2,9,42.43058566,0.9,16-QAM,456046193.5,50,1
-87.4365334,90.17619921,1533569300,30,357,Normal,2,7,4.804462946,0.5,16-QAM,31793794.08,65,1
-104.8920565,46.14774646,5616044179,30,582,Extended,1,3,43.94832459,0.9,16-QAM,879325133.2,67,0
-99.25824039,63.72014768,5025056495,120,608,Extended,7,7,67.67549134,0.75,64-QAM,13997203.21,44,0
-109.104137,65.93539222,2150429542,120,191,Normal,1,8,42.77623444,0.5,16-QAM,944805330.1,31,0
-65.49296632,89.51177407,2279903794,30,260,Extended,7,1,87.36855801,0.5,16-QAM,489727032.4,43,0
-84.99649231,63.66696822,1160090267,60,248,Normal,3,3,33.92373229,0.9,64-QAM,342592559.1,77,1
-95.94891499,61.39335848,2483587258,120,216,Extended,4,5,14.13552261,0.75,16-QAM,924294216.4,48,1
-92.27965178,6.665204056,3923110045,120,557,Normal,4,6,81.34431038,0.75,16-QAM,25366602.12,82,0
-63.16299962,51.84080219,3104216942,120,664,Extended,5,3,67.72084391,0.75,64-QAM,581843470,81,1
-110.7989158,15.01690008,5846277319,60,913,Extended,1,4,24.94012875,0.9,QPSK,549383592,81,1
-84.82621008,73.74337687,1280400846,30,144,Extended,7,5,54.10867435,0.9,16-QAM,220101080.8,61,0
-89.64667927,51.22219208,3957150794,15,876,Extended,6,3,40.78338152,0.75,QPSK,429458543.9,75,0
-83.31274587,68.02277792,5291547203,120,873,Extended,2,4,93.94711787,0.9,64-QAM,652611741.9,84,1
-118.913389,4.16729006,3403704562,60,918,Normal,6,5,61.125877,0.75,16-QAM,727404065.7,10,0
-67.67256546,8.479201605,1014813603,30,333,Extended,2,2,16.68053686,0.9,16-QAM,1716141.848,29,0
-64.07290305,71.63233881,2214007499,30,474,Normal,3,9,50.71269681,0.5,64-QAM,936916576.7,48,1
-86.09200898,7.2084336,2618844878,60,646,Normal,2,8,86.39312642,0.5,16-QAM,165360847,98,1
-78.20095057,7.125672777,5829972473,120,949,Normal,6,6,67.47817033,0.9,QPSK,234346853.8,81,0
-64.65003713,1.210847523,5558866409,15,1014,Normal,6,3,84.40275553,0.9,QPSK,264209972.2,62,1
-77.56568194,95.65013983,5745852526,120,296,Extended,4,2,25.78953207,0.75,64-QAM,38782316.42,13,0
-110.8476574,73.75083595,5128792288,30,124,Extended,7,7,88.94678633,0.5,16-QAM,123929071.5,44,0
-85.42269839,35.32514085,2758238671,15,494,Extended,4,8,75.80552185,0.75,16-QAM,986363573,47,1
-83.59709722,29.65355813,5529382110,120,813,Extended,1,1,73.16246179,0.9,64-QAM,315901520.6,64,1
-94.55215972,34.97032297,5908422530,15,884,Normal,6,6,35.30756591,0.75,QPSK,116185789.2,91,0
-75.81334586,77.46535312,2750356561,60,135,Normal,7,7,88.87814831,0.75,QPSK,107884269.9,53,0
-63.93797911,66.13706111,2302779830,120,573,Normal,3,9,64.15995836,0.9,64-QAM,719740507.7,90,0
-64.46588923,18.51955679,3734581464,30,322,Extended,2,3,85.33210821,0.5,16-QAM,854714095.4,92,1
-92.94963772,17.41093353,1935760963,30,963,Extended,1,2,36.73617414,0.75,QPSK,257695347.2,77,0
-113.2057172,9.839564971,1163121107,15,888,Extended,5,5,15.41955702,0.9,16-QAM,21888602.82,76,1
-60.90952806,66.03027197,5729155856,60,629,Extended,5,1,33.90138084,0.75,QPSK,223866928.4,44,0
-69.66611481,76.43726622,5628703162,120,287,Normal,7,6,46.07117039,0.9,16-QAM,57459175.11,28,1
-112.5202391,26.50464283,1813269269,60,501,Extended,2,9,53.80733014,0.9,QPSK,104291541.7,2,0
-64.74948704,2.094496103,3038701235,60,356,Extended,2,9,51.57011236,0.9,16-QAM,432076611.7,57,1
-67.80621828,8.217166748,5155181566,15,753,Normal,7,7,55.05940465,0.5,64-QAM,230688452.5,57,0
-88.86971657,96.78600348,4305001494,15,235,Normal,2,7,84.32887076,0.5,QPSK,516429932.6,34,0
-84.52347386,29.54447775,2973937546,120,918,Extended,4,8,17.84002337,0.9,64-QAM,254240259.5,87,0
-96.05983777,76.92231478,4720854986,30,690,Extended,2,2,32.28907822,0.5,QPSK,940596763.8,58,0
-116.7143017,62.46635689,5485236941,120,543,Normal,5,6,88.97224055,0.75,QPSK,906038024,52,1
-99.8881655,38.19396397,5630791653,60,517,Extended,2,5,56.48536225,0.5,QPSK,567239298.9,29,1
-71.82879308,20.56872622,2894248060,15,391,Normal,6,5,58.75559717,0.5,16-QAM,355069568,35,1
-119.7220786,12.13864182,1867803400,60,673,Normal,7,3,48.32819192,0.75,QPSK,381765735.2,75,1
-99.9900497,61.5012968,5564194291,15,228,Extended,3,3,55.34848886,0.75,64-QAM,412440430.9,48,1
-96.10987838,77.46337806,1462777229,30,440,Normal,5,6,20.60989333,0.75,16-QAM,727851742.8,33,0
-87.75626382,64.39042535,4608441956,60,909,Extended,3,7,55.13982304,0.9,16-QAM,452187356.5,75,1
-64.80866302,53.03021332,1702486574,15,356,Extended,5,1,99.72013966,0.75,QPSK,856873216.6,73,1
-99.21924034,4.195122343,2946934273,120,823,Extended,1,3,57.03870972,0.75,16-QAM,944150691.1,78,1
-99.18280789,96.84887776,3057778733,120,665,Extended,6,1,5.395844095,0.75,QPSK,336610207.2,9,1
-75.74992511,79.87141917,1793789576,120,786,Normal,5,3,79.84712879,0.9,64-QAM,561133786.9,48,0
-92.86692355,29.28220367,5613407170,60,199,Extended,6,5,40.25106744,0.5,16-QAM,95961480.3,67,0
-106.5237106,97.99703294,1013340840,15,138,Extended,5,9,16.2139387,0.9,16-QAM,201268578.7,93,0
-92.85362903,60.18815896,5469042716,15,362,Normal,3,3,86.38946082,0.5,64-QAM,414052300.9,83,0
-111.5485788,58.24226582,5419146617,15,249,Extended,3,9,20.5993523,0.75,64-QAM,206996513.2,36,1
-109.4167808,74.80731794,2584818268,60,732,Extended,7,1,92.1559716,0.9,QPSK,876683930.3,96,1
-90.09793364,81.17697881,4521421349,15,789,Extended,5,6,44.73785255,0.9,16-QAM,159127969.8,71,0
-94.86447303,65.64786073,2264044556,30,912,Extended,5,9,74.53629264,0.5,64-QAM,456205160.7,92,0
-65.10924594,12.80957464,4793867811,60,429,Normal,4,5,55.15258918,0.9,16-QAM,606093541.2,44,1
-98.25636605,33.8267506,3805598709,30,219,Normal,6,2,26.40605359,0.9,64-QAM,692172044.3,82,1
-85.16469898,92.80836403,2501127271,30,683,Extended,6,5,67.43792728,0.5,16-QAM,383686300.4,60,0
-82.06414272,22.46156118,3001173768,120,318,Normal,6,1,95.83334254,0.9,64-QAM,869229969.7,63,0
-119.2143326,37.21670238,4449443661,60,1005,Normal,6,9,77.19405971,0.9,16-QAM,568750831.9,5,0
-80.18775768,43.20768829,5530487248,15,1009,Normal,1,9,60.79778166,0.75,QPSK,440068272.7,87,0
-109.317842,43.94049897,1653632583,30,913,Normal,1,6,99.07218272,0.75,16-QAM,68173393.42,86,1
-62.33578095,61.29395825,3856819848,60,222,Extended,2,9,27.26734007,0.75,QPSK,465224779,90,1
-111.0802363,94.30758377,2268645997,15,343,Normal,5,3,7.171807303,0.75,QPSK,820915105,76,1
-95.12255258,24.06927118,5006861249,120,985,Extended,5,4,4.180955745,0.75,QPSK,614926477.2,40,0
-114.8790199,12.15013763,1351186529,60,686,Extended,5,6,71.35810008,0.9,16-QAM,832330291.3,19,1
-60.18754489,19.74704899,4444778951,60,617,Normal,5,4,83.19300411,0.9,16-QAM,494517658.9,47,1
-89.86829938,88.69249002,1874730068,60,120,Extended,6,1,63.87495321,0.75,QPSK,119343243.4,65,0
-84.27689896,64.58108127,3981927092,15,289,Normal,6,7,90.59763315,0.5,64-QAM,14626205.99,67,0
-115.9754114,28.59067892,5178462936,30,324,Extended,1,5,70.09962869,0.75,16-QAM,303916327.2,91,0
-75.00237178,81.5946939,4775403311,30,1014,Extended,3,8,37.72450999,0.9,16-QAM,698292481,18,0
-107.4056644,86.13699964,4764714438,60,714,Normal,4,9,18.94457087,0.5,16-QAM,790469644,50,0
-66.11674263,84.65143387,3589226561,60,955,Extended,6,5,92.54010038,0.75,16-QAM,296457081.8,30,0
-107.6916216,91.89265336,5453727959,15,565,Normal,6,8,11.25611785,0.5,QPSK,496158267,66,1
-108.5587368,25.22410202,3940525991,120,198,Extended,7,1,54.75585197,0.75,64-QAM,421697785.5,5,1
-117.8070199,75.50419287,5587589843,60,929,Extended,6,1,32.0867846,0.9,64-QAM,411112261.6,93,1
-91.67598329,46.05394973,3732612289,60,462,Normal,3,7,27.87008574,0.75,64-QAM,232117364.5,97,1
-86.109532,84.19985529,3529827815,120,182,Normal,3,6,64.93765034,0.5,64-QAM,137234733.9,42,1
-116.0574816,72.84906772,2111765096,60,792,Normal,1,5,23.8924568,0.9,QPSK,197491869.7,84,1
-73.468343,77.64474465,3723933270,30,763,Extended,6,5,91.72014557,0.75,16-QAM,56277054.78,94,0
-92.80266992,65.61618377,1702924156,60,155,Normal,7,9,41.198347,0.75,16-QAM,198932611.1,5,0
-88.53658384,17.74287695,5348451006,30,801,Normal,4,1,68.06015933,0.75,QPSK,10191696.73,50,0
-93.55423518,54.50269189,4379459444,15,121,Normal,5,8,73.04781602,0.75,16-QAM,627631142.2,85,1
-95.95421635,98.46697395,5968177242,15,679,Normal,6,2,68.61122777,0.9,QPSK,317059032,58,1
-86.42158012,93.73880665,1460487139,30,284,Extended,1,7,90.43662385,0.9,64-QAM,973171566.7,79,0
-110.6855852,4.31737358,2203363749,30,621,Extended,1,6,23.8819555,0.75,QPSK,194523333.7,84,0
-109.0843122,16.48148157,5385793021,120,677,Extended,4,2,9.519399924,0.9,16-QAM,346482741.7,8,0
-68.29286274,13.17287735,2976270499,30,363,Extended,7,3,6.491104029,0.5,16-QAM,358483317.5,31,0
-63.23307227,72.597991,3331514950,30,324,Extended,2,4,87.9065709,0.9,16-QAM,9443044.566,12,0
-97.60144102,81.77853299,5303259437,60,734,Extended,1,7,97.35541794,0.5,64-QAM,839368745.1,21,1
-103.7553196,21.35113663,3609116125,120,137,Normal,3,8,30.95012758,0.5,QPSK,32962465.68,94,1
-81.36002741,50.5852693,1967379247,30,222,Extended,3,2,69.65787843,0.9,QPSK,940239654.9,62,1
-95.47594973,84.0703028,5460150577,30,929,Normal,5,8,1.882365633,0.75,16-QAM,892182276.7,91,0
-118.4768187,73.28015448,1155308282,30,255,Normal,1,9,19.6745195,0.9,QPSK,535986394.2,90,1
-110.6308442,54.22372055,5476981338,60,1005,Normal,7,7,69.23816386,0.5,16-QAM,544051979.3,33,0
-77.04166627,59.03476905,1252601133,60,400,Normal,5,1,7.522826792,0.5,QPSK,654124145,26,1
-80.46456349,50.83605469,4329246823,60,932,Extended,1,6,47.38249494,0.9,64-QAM,387662961.9,90,0
-118.3742404,29.75484513,1358396898,15,166,Extended,4,8,66.59574317,0.5,64-QAM,647575061.1,40,0
-106.6816703,56.50219929,4531064930,60,1004,Extended,6,5,76.82985896,0.9,QPSK,45723620.3,65,1
-106.1355122,68.88853021,1169856607,30,744,Normal,7,2,45.92777546,0.9,64-QAM,54993579.72,59,1
-79.68643538,87.33229159,5212288639,60,973,Extended,1,5,63.39811991,0.75,64-QAM,457773189.2,15,1
-118.8173677,63.6291354,3329719755,60,493,Extended,7,8,54.41798733,0.5,64-QAM,550072678.8,1,1
-113.7534851,76.1121537,1467269563,120,751,Extended,2,2,6.178271436,0.9,16-QAM,887929822.7,11,1
-72.00503488,16.0071635,4534097225,30,693,Extended,7,1,74.53766404,0.5,QPSK,105555973.3,55,0
-109.2873203,46.15574744,3446450788,60,669,Extended,7,4,18.06382967,0.9,QPSK,822825279.3,2,1
-80.83523353,0.933161983,1954744294,15,760,Extended,3,4,4.148747592,0.9,16-QAM,210837290,65,1
-105.7090331,24.66788645,1078361869,120,504,Normal,4,9,45.66562371,0.75,16-QAM,394689564.9,95,0
-114.0335164,72.64617151,3089991299,60,548,Normal,6,3,86.69812114,0.9,64-QAM,317285832.4,44,1
-105.4096685,99.18099513,1428146154,120,230,Extended,6,4,15.93211433,0.75,QPSK,400755117.6,16,0
-76.66398409,9.917809959,1470848491,120,168,Normal,3,3,2.272895878,0.5,16-QAM,151345002.6,22,1
-68.65821191,40.14943159,2336647742,15,444,Normal,7,2,11.88794434,0.75,64-QAM,504066504.3,18,1
-70.18680813,80.00709687,4152291486,15,861,Extended,6,4,37.00225232,0.75,QPSK,801840947.2,47,0
-96.16898822,20.40356346,3649553043,15,419,Normal,5,8,58.43701513,0.5,64-QAM,442092476.4,81,1
-79.91489181,55.50849493,1344936541,30,276,Extended,4,1,20.10820126,0.75,QPSK,491122962.3,30,1
-107.7009423,73.3071296,5842156379,120,683,Normal,2,8,80.3944365,0.75,64-QAM,848918817.7,10,1
-102.4111362,61.59854503,5435843441,60,628,Extended,3,8,75.57641493,0.9,QPSK,706352056.5,99,1
-66.21985089,18.80247346,2296127436,15,940,Normal,1,3,69.89049804,0.75,QPSK,490963954.1,58,0
-119.2198846,35.53845687,1611692880,15,259,Normal,1,6,49.25951102,0.9,QPSK,258437952.5,62,0
-114.8694881,78.37917845,5712014324,120,681,Normal,1,4,37.15647856,0.75,QPSK,885041820.1,85,1
-107.5268247,55.42265141,3305708889,120,724,Normal,4,1,38.18307548,0.5,64-QAM,577443381.3,80,1
-118.4080678,0.522961354,2555834824,120,843,Extended,2,1,50.80398296,0.5,16-QAM,221926462.5,6,0
-109.1138739,76.099076,3451790176,60,632,Normal,6,5,8.654154001,0.75,QPSK,269850632.9,67,0
-85.01750634,3.531135494,4863720723,30,234,Extended,2,8,68.54824082,0.9,QPSK,803329955.8,41,1
-94.71452696,74.57337827,1841926492,30,874,Extended,2,1,35.79924686,0.75,QPSK,45101416.53,43,0
-66.43969734,20.24805602,4837479168,15,210,Normal,3,2,23.25111902,0.9,QPSK,992100094.8,85,0
-70.9533863,95.80734801,4747233940,30,857,Normal,4,7,28.55437998,0.75,64-QAM,131221328,77,0
-99.4909589,36.79407513,3696741024,60,382,Extended,1,8,18.84913424,0.5,16-QAM,796272456.9,18,0
-104.434594,32.69316163,5329211444,30,619,Normal,3,3,90.25524047,0.5,16-QAM,395380541.5,58,1
-97.21845551,14.88880503,1660716891,60,895,Extended,6,8,17.73471412,0.9,16-QAM,492723967.1,60,0
-84.58230345,30.56042155,3977395033,15,818,Normal,2,1,88.40968577,0.75,64-QAM,880769926.9,88,1
-103.9161816,87.66507618,3246715263,120,293,Extended,7,9,57.6520962,0.9,16-QAM,413498278.4,27,1
-82.55106553,99.63343376,3111460564,60,146,Normal,1,2,86.87764458,0.5,64-QAM,537956259.9,68,0
-95.43530087,36.83095305,2262805356,120,441,Normal,4,2,47.93235747,0.9,64-QAM,50250362.75,22,1
-86.87716915,44.8610631,2861398284,15,341,Extended,5,4,92.83573823,0.75,QPSK,3345126.394,24,1
-93.83240825,72.20709382,1540753780,60,621,Extended,2,3,21.93758362,0.9,64-QAM,245555073.1,40,0
-102.3320544,88.61957805,2257994849,60,469,Extended,2,4,55.91448353,0.75,16-QAM,680902509.8,74,0
-63.09280158,59.30443342,2359825539,30,900,Normal,2,6,13.45803036,0.75,16-QAM,122143628.5,66,0
-74.18365235,39.15256982,4603339337,60,1002,Normal,2,7,45.27480824,0.5,16-QAM,114648196.8,40,1
-111.5932095,41.26218408,1242752136,15,230,Normal,1,5,57.42046597,0.75,QPSK,411549647.4,6,1
-67.89192145,69.56181465,4255961541,120,369,Normal,4,2,60.961847,0.75,QPSK,648189201.6,18,1
-90.75412811,0.32182636,2107049549,60,913,Extended,3,3,37.18735089,0.75,QPSK,712359920.3,81,1
-66.32686639,61.95893375,1409307530,15,160,Extended,1,3,8.557228574,0.9,64-QAM,179272223.4,87,0
-72.00868464,35.54930104,2504030805,15,263,Normal,4,5,65.87728107,0.5,16-QAM,80508559.22,30,1
-94.48718973,79.41973313,2122364347,60,624,Normal,3,5,49.35475418,0.9,64-QAM,940456636.9,21,0
-118.6518415,9.299063982,3760161879,30,371,Normal,2,4,14.5510078,0.9,64-QAM,261405716.2,62,0
-103.8793584,58.82022669,2786882017,60,819,Extended,4,8,93.65172097,0.5,16-QAM,853493151.1,10,0
-87.50194712,48.09728899,5829968712,60,857,Extended,2,6,95.61119756,0.9,QPSK,863627959,13,0
-81.99130681,64.23255259,5817747997,30,232,Normal,7,6,85.8040217,0.9,16-QAM,772750069.2,76,1
-104.5267389,6.485359448,3218576346,15,343,Extended,4,1,84.54296175,0.75,64-QAM,169664773,9,0
-111.6386356,57.99837874,4975437303,60,905,Normal,6,6,10.76845631,0.9,64-QAM,821979657.8,68,1
-69.90418579,56.1484588,1066342704,30,533,Normal,5,3,99.34859085,0.5,QPSK,769481308.7,39,0
-60.93586916,56.06600944,3739057924,120,137,Extended,2,6,40.63768731,0.9,64-QAM,597126267.1,24,0
-88.45858906,60.34876666,4716495862,120,970,Extended,2,6,17.14899047,0.75,64-QAM,337864833.1,34,0
-109.6992428,67.64679372,2084716127,30,667,Extended,2,2,81.39807109,0.9,16-QAM,263246095.7,61,1
-103.6615604,80.49889997,1305858776,15,418,Extended,6,1,23.34734608,0.5,QPSK,122767322.9,41,0
-118.8965594,26.98207201,1779594680,30,609,Normal,1,3,53.09135675,0.75,16-QAM,510247309.8,5,0
-65.14207161,82.50494102,3209240436,15,475,Extended,3,5,13.67359046,0.9,16-QAM,585675614.6,79,0
-112.934935,49.82556823,3531857104,120,659,Extended,2,4,47.9899266,0.5,16-QAM,359979651.5,50,0
-85.40901147,7.705827913,2904425611,60,716,Extended,2,7,56.25600785,0.5,64-QAM,475883708.6,4,1
-103.5566868,5.855092924,3199868835,30,573,Extended,1,4,45.14647204,0.9,64-QAM,364150942.9,51,1
-86.74931985,33.42383187,3351174798,120,158,Normal,1,8,7.879195651,0.9,QPSK,641365051.3,52,0
-80.9147767,78.48969771,4847183308,60,688,Normal,5,7,49.00896403,0.75,64-QAM,901357948.6,39,0
-70.21549178,70.76809347,1526209490,120,598,Extended,4,9,47.4253415,0.9,QPSK,164756341.8,8,1
-107.6147237,78.86149647,4844752336,30,317,Extended,2,1,26.90040745,0.75,16-QAM,382027401.1,45,1
-119.3402503,51.72690564,4443136511,30,994,Normal,4,5,92.23855837,0.9,16-QAM,141727735.3,88,1
-111.7868622,44.0198998,4708304047,60,666,Normal,7,4,42.36144094,0.5,64-QAM,625318826.6,28,0
-65.99888149,14.74525267,4672341929,30,666,Extended,1,6,86.54746382,0.5,64-QAM,729141639,27,1
-67.56659535,32.81927536,3352959079,120,228,Normal,1,1,11.85671913,0.5,QPSK,931980819.9,65,0
-84.15521387,43.40193662,2057000923,60,1003,Normal,5,6,32.56885114,0.5,64-QAM,279593054.3,34,1
-83.96898837,8.860042968,3683144522,60,482,Normal,3,1,18.45675452,0.75,64-QAM,950260994.7,81,1
-80.09779953,22.06119527,5789910268,120,487,Normal,6,1,41.432668,0.5,64-QAM,64199409.15,62,0
-109.4777233,59.82252941,3942628407,15,184,Extended,6,8,12.05203203,0.75,16-QAM,603410849.5,62,1
-65.13528324,73.56631142,1055235726,60,609,Normal,6,2,44.66244578,0.75,64-QAM,58075586.62,38,0
-94.87376851,99.83475114,1298554524,15,825,Normal,1,6,36.0332036,0.75,64-QAM,893880413.6,26,1
-97.01168831,93.31133313,5964317168,120,726,Extended,2,6,23.10818968,0.9,16-QAM,530279248,24,0
-88.86493768,64.25651995,1359731796,120,536,Extended,5,6,64.57576178,0.75,16-QAM,669679002.4,39,1
-117.182042,42.12480533,1230225800,60,925,Extended,3,8,95.14023733,0.9,16-QAM,831742352,21,1
-110.0229979,63.61773647,2765121347,30,392,Normal,7,4,21.50423388,0.75,16-QAM,151160311.9,94,0
-75.71798301,78.56516181,5846586016,60,148,Extended,6,3,71.46729315,0.9,64-QAM,39552970.38,47,0
-115.0320799,11.83361909,2593375769,30,166,Normal,5,6,74.49570804,0.9,64-QAM,879002264.8,48,0
-83.81087343,40.99048897,3049420654,15,886,Extended,1,4,50.31393113,0.5,64-QAM,315618294.2,13,0
-105.2790534,83.98022856,4170385306,30,228,Normal,6,2,89.86916626,0.75,QPSK,129849929,3,1
-96.64226316,38.38329519,1120559197,60,128,Extended,3,6,96.67261654,0.9,16-QAM,468992775.8,32,1
-102.6783758,57.18722712,5488817888,30,442,Extended,7,5,36.86239875,0.5,64-QAM,598707769.6,35,1
-98.65963701,58.77693609,3597215088,120,644,Normal,4,9,65.4522965,0.75,64-QAM,31939632.82,19,1
-76.85724569,18.44762531,3334054530,15,218,Extended,7,6,66.55904917,0.5,64-QAM,275620762.6,14,1
-102.1726971,36.22354417,5303633311,120,791,Extended,3,3,40.9599171,0.9,16-QAM,33767074.4,48,1
-86.01572158,33.45112887,5765382947,120,762,Extended,7,5,32.36231637,0.5,16-QAM,420915053.8,86,0
-91.43697587,2.619670853,3117126158,120,232,Extended,2,8,93.44067562,0.5,16-QAM,895204929,81,1
-80.17973008,2.419176389,1862205396,120,426,Extended,6,9,79.20817338,0.75,64-QAM,982669759.1,68,1
-63.79021564,83.16970437,5078546350,30,284,Normal,6,8,12.33199203,0.9,16-QAM,637410506,45,0
-76.04567417,27.307081,3016302106,120,605,Normal,4,3,12.86852309,0.75,64-QAM,162476056.1,19,1
-107.1035773,51.80787662,5677727698,30,745,Extended,7,9,92.33173412,0.75,QPSK,905943540.6,64,1
-118.1290119,29.87255736,5749494919,120,788,Extended,4,3,9.059566738,0.5,16-QAM,516731575.4,66,1
-104.2641573,94.06792451,1574145159,60,633,Normal,7,8,69.15371328,0.9,16-QAM,154595562.8,79,0
-84.29532416,25.92967589,5782769837,120,340,Normal,6,9,23.44906645,0.75,64-QAM,921804942.8,66,0
-116.9144512,42.96568127,2841351627,60,688,Extended,2,7,4.483348931,0.9,16-QAM,757711581.7,75,1
-90.21802517,87.27302505,4231262588,30,815,Normal,7,4,6.904117062,0.75,16-QAM,731973567.5,45,0
-84.18942906,84.19335668,1173750409,15,615,Extended,4,9,37.97868826,0.5,64-QAM,709471523.1,87,1
-99.94536655,18.61014178,5444421370,30,939,Extended,1,3,8.681256717,0.75,64-QAM,201139481.3,74,1
-73.74526778,80.26433098,4207986647,15,264,Extended,6,3,60.06728079,0.75,64-QAM,211795685,67,1
-113.6041048,45.81868867,4217772335,15,739,Extended,3,2,65.07819663,0.75,QPSK,688604705.4,69,0
-115.4917331,48.29688721,5510880800,120,656,Normal,3,3,37.97338863,0.9,64-QAM,220503027.4,3,1
-76.30867463,13.34799724,3541735875,15,317,Normal,2,1,74.5449295,0.5,16-QAM,439233025.1,38,1
-90.27052103,8.060151376,3052583202,30,846,Normal,1,4,49.5142095,0.9,QPSK,782219823.8,77,1
-78.69585621,72.7939307,5330643761,120,747,Extended,4,8,43.59262184,0.75,64-QAM,784168565.6,42,1
-93.91035968,49.64611524,4712102559,15,779,Normal,7,5,41.29182079,0.5,QPSK,453808510.8,83,1
-105.215878,43.68507026,5744878325,30,848,Extended,6,2,43.67954225,0.9,QPSK,792397748.3,40,0
-70.85386094,72.95082287,5700609467,15,704,Extended,3,3,96.82087734,0.75,16-QAM,838783174.4,50,1
-72.03504726,76.5512899,2911630823,15,104,Normal,3,1,68.45929894,0.5,QPSK,655120975.5,35,0
-78.31821175,15.89081677,3234931451,120,767,Extended,3,2,32.20577487,0.5,64-QAM,229197426.5,24,1
-103.6712918,61.02251495,2279924769,120,856,Extended,3,1,73.65212715,0.75,QPSK,274737768.6,88,0
-84.58615999,13.53540823,4303239446,30,971,Extended,5,2,33.69647144,0.5,QPSK,315526314.3,17,1
-98.34156618,75.1375086,2822709850,120,180,Normal,2,3,13.44577587,0.5,16-QAM,117687303.6,40,1
-114.5050756,65.69551563,4930503233,120,346,Extended,4,1,48.06067539,0.9,16-QAM,273886460.7,74,0
-64.96118547,95.66146211,1607753804,60,954,Normal,6,9,75.35136205,0.5,64-QAM,210309705.1,66,0
-111.7908821,6.895801636,1582014256,60,592,Extended,6,5,38.38833118,0.9,16-QAM,455873421.1,44,1
-62.98575877,5.705472115,2022276907,30,748,Normal,6,8,87.04824006,0.9,64-QAM,908529110.3,23,0
-93.23965362,28.21870747,1421460942,120,485,Extended,4,5,39.3083177,0.9,64-QAM,105375836.4,6,0
